net,mu,lam,bwd,family,alloc,T,seconds
NN1,1,8,R,FM,"[1000, 84, 10]",7.709611905177664e-05,5.475371837615967
NN1,1,8,T,FM,"[1000, 500, 10]",4.722040432525899e-05,5.164923906326294
NN1,1,64,R,FM,"[1000, 167, 10]",5.476128212811013e-05,5.215845346450806
NN1,1,64,T,FM,"[1000, 500, 10]",4.339032402574255e-05,5.140484094619751
NN1,8,8,R,FM,"[1000, 56, 10]",0.0002959686406681222,5.138632535934448
NN1,8,8,T,FM,"[1000, 500, 10]",0.00011562386414360865,5.215806007385254
NN1,8,64,R,FM,"[1000, 125, 10]",0.00017003769589234174,5.117389440536499
NN1,8,64,T,FM,"[1000, 500, 10]",0.00010965848972644516,5.079359531402588
NN1,16,8,R,FM,"[1000, 56, 5]",0.0005237978058079206,5.149567365646362
NN1,16,8,T,FM,"[1000, 500, 10]",0.00018749858179066745,5.128520250320435
NN1,16,64,R,FM,"[1000, 125, 10]",0.0002997299136024234,5.03943657875061
NN1,16,64,T,FM,"[1000, 500, 10]",0.00017868614854997454,5.189658880233765
NN1,32,8,R,FM,"[1000, 48, 5]",0.0010382504237921634,5.170930624008179
NN1,32,8,T,FM,"[1000, 500, 10]",0.00034860678851335655,5.273916244506836
NN1,32,64,R,FM,"[1000, 125, 10]",0.0005750617552892296,5.121952772140503
NN1,32,64,T,FM,"[1000, 500, 10]",0.00033410023762560484,5.181128740310669
NN2,1,8,R,FM,"[750, 131, 167, 84, 10]",0.0001996483421071791,22.70094108581543
NN2,1,8,T,FM,"[750, 784, 500, 500, 10]",9.466920022932594e-05,22.767062425613403
NN2,1,64,R,FM,"[750, 196, 250, 125, 10]",0.00011756940787462009,22.351096153259277
NN2,1,64,T,FM,"[750, 784, 1000, 500, 10]",8.496005078054139e-05,22.63080072402954
NN2,8,8,R,FM,"[750, 72, 78, 64, 5]",0.0008992385782775363,22.62697124481201
NN2,8,8,T,FM,"[750, 784, 1000, 500, 10]",0.0002517143895264571,22.903170108795166
NN2,8,64,R,FM,"[750, 157, 250, 125, 10]",0.00044293858043503384,22.427451610565186
NN2,8,64,T,FM,"[750, 784, 1000, 500, 10]",0.00023463860525221053,22.467036247253418
NN2,16,8,R,FM,"[750, 72, 72, 56, 5]",0.001680477449660922,22.71450448036194
NN2,16,8,T,FM,"[750, 784, 1000, 500, 10]",0.00044291009617565053,22.916634559631348
NN2,16,64,R,FM,"[750, 157, 250, 125, 10]",0.0008524899637173182,22.350175857543945
NN2,16,64,T,FM,"[750, 784, 1000, 500, 10]",0.00041725431190140394,22.894392251968384
NN2,32,8,R,FM,"[750, 56, 72, 48, 5]",0.003284764240153048,27.575366735458374
NN2,32,8,T,FM,"[750, 784, 1000, 500, 10]",0.0007893004941936625,24.04008650779724
NN2,32,64,R,FM,"[750, 128, 250, 125, 10]",0.0016382212399836179,26.20540738105774
NN2,32,64,T,FM,"[750, 784, 1000, 500, 10]",0.0007464847099194161,25.059412479400635
NN3,1,8,R,FM,"[1000, 150, 131, 167, 84, 10]",0.00033529048780667035,36.33485794067383
NN3,1,8,T,FM,"[1000, 750, 392, 500, 500, 10]",0.0001311480772994342,35.005213022232056
NN3,1,64,R,FM,"[1000, 375, 262, 250, 250, 10]",0.00017307583857559543,33.93722224235535
NN3,1,64,T,FM,"[1000, 750, 784, 1000, 500, 10]",0.00011874828565082268,34.55573916435242
NN3,8,8,R,FM,"[1000, 79, 72, 78, 56, 5]",0.0015686929553957538,34.78607130050659
NN3,8,8,T,FM,"[1000, 750, 784, 1000, 500, 10]",0.0003678807451651716,35.01024055480957
NN3,8,64,R,FM,"[1000, 250, 157, 250, 125, 10]",0.0007048889391415298,34.00001788139343
NN3,8,64,T,FM,"[1000, 750, 784, 1000, 500, 10]",0.00034301144575610786,34.291319131851196
NN3,16,8,R,FM,"[1000, 80, 56, 72, 56, 5]",0.0029037205866698306,34.601261138916016
NN3,16,8,T,FM,"[1000, 750, 784, 1000, 500, 10]",0.0006355189162262801,34.860310316085815
NN3,16,64,R,FM,"[1000, 250, 157, 250, 125, 10]",0.001329665659580494,34.00511813163757
NN3,16,64,T,FM,"[1000, 750, 784, 1000, 500, 10]",0.0005971260874054516,34.30132722854614
NN3,32,8,R,FM,"[1000, 119, 72, 80, 48, 5]",0.005983432314214051,34.56897211074829
NN3,32,8,T,FM,"[1000, 750, 784, 1000, 500, 10]",0.0012684227342293656,34.867180824279785
NN3,32,64,R,FM,"[1000, 250, 157, 250, 125, 10]",0.0026405082715764915,33.920323610305786
NN3,32,64,T,FM,"[1000, 750, 784, 1000, 500, 10]",0.0012029828465850076,34.403844356536865
NN4,1,8,R,FM,"[838, 144, 150, 131, 167, 84, 10]",0.0005245573035358508,46.756951332092285
NN4,1,8,T,FM,"[838, 1000, 750, 392, 500, 500, 10]",0.00017181858596555425,47.32938861846924
NN4,1,64,R,FM,"[866, 500, 375, 196, 250, 125, 10]",0.0002475662447902877,45.57228469848633
NN4,1,64,T,FM,"[866, 1000, 750, 392, 1000, 500, 10]",0.00015665795752587815,46.145585775375366
NN4,8,8,R,FM,"[838, 112, 95, 72, 72, 63, 5]",0.0025047012144594405,46.20313787460327
NN4,8,8,T,FM,"[838, 1000, 750, 784, 1000, 500, 10]",0.0005361737963382248,47.242374658584595
NN4,8,64,R,FM,"[866, 250, 250, 196, 250, 125, 10]",0.00108796607115958,45.48884463310242
NN4,8,64,T,FM,"[866, 1000, 750, 784, 1000, 500, 10]",0.0005019566705980059,46.32265281677246
NN4,16,8,R,FM,"[838, 112, 96, 56, 72, 48, 5]",0.004695308052893178,46.44725060462952
NN4,16,8,T,FM,"[838, 1000, 750, 784, 1000, 500, 10]",0.0009305504281001875,47.233176708221436
NN4,16,64,R,FM,"[866, 250, 250, 157, 250, 125, 10]",0.0020637462854873343,46.13701033592224
NN4,16,64,T,FM,"[866, 1000, 750, 784, 1000, 500, 10]",0.000876455655301145,46.46925091743469
NN4,32,8,R,FM,"[838, 112, 80, 56, 64, 56, 5]",0.009690871605687637,46.716604709625244
NN4,32,8,T,FM,"[838, 1000, 750, 784, 1000, 500, 10]",0.0018644588771864134,47.32820796966553
NN4,32,64,R,FM,"[866, 250, 188, 157, 250, 125, 10]",0.004218314212053096,46.11734366416931
NN4,32,64,T,FM,"[866, 1000, 750, 784, 1000, 500, 10]",0.0017706088102697238,46.39695954322815
NN5,1,8,R,FM,"[1000, 168, 250, 5]",0.0003881009944588314,24.135573863983154
NN5,1,8,T,FM,"[1000, 500, 1000, 10]",0.00013783124020585753,24.092564344406128
NN5,1,64,R,FM,"[1000, 250, 667, 10]",0.00019113433319856038,23.599311113357544
NN5,1,64,T,FM,"[1000, 1000, 1000, 10]",0.0001273012411884417,23.8326518535614
NN5,8,8,R,FM,"[1000, 80, 160, 5]",0.0019197785013146944,23.8516685962677
NN5,8,8,T,FM,"[1000, 1000, 1000, 10]",0.0004938769591625411,24.291834354400635
NN5,8,64,R,FM,"[1000, 256, 500, 10]",0.0009315732698983187,23.595860719680786
NN5,8,64,T,FM,"[1000, 1000, 1000, 10]",0.0004661609834546439,23.924087285995483
NN5,16,8,R,FM,"[1000, 72, 160, 5]",0.003631929681780409,24.00475311279297
NN5,16,8,T,FM,"[1000, 1000, 1000, 10]",0.0009103996397101699,24.366631269454956
NN5,16,64,R,FM,"[1000, 167, 445, 10]",0.0017851363953174878,23.51805830001831
NN5,16,64,T,FM,"[1000, 1000, 1000, 10]",0.0008629224875316845,23.780304431915283
NN5,32,8,R,FM,"[1000, 72, 144, 5]",0.007552206089284625,23.747560501098633
NN5,32,8,T,FM,"[1000, 1000, 1000, 10]",0.0018157499116464109,24.188628673553467
NN5,32,64,R,FM,"[1000, 256, 445, 10]",0.003682312478649015,23.55413293838501
NN5,32,64,T,FM,"[1000, 1000, 1000, 10]",0.001728750406526749,24.066171169281006
NN6,1,8,R,FM,"[1000, 168, 223, 167, 223, 167, 223, 5]",0.0010273287422998142,71.67283487319946
NN6,1,8,T,FM,"[1000, 1000, 1000, 1000, 1000, 1000, 1000, 10]",0.00030671258276327085,72.9886040687561
NN6,1,64,R,FM,"[1000, 250, 667, 250, 667, 250, 667, 10]",0.0004476874210760374,72.66952347755432
NN6,1,64,T,FM,"[1000, 1000, 1000, 1000, 1000, 1000, 1000, 10]",0.00027862048368080373,71.21466612815857
NN6,8,8,R,FM,"[1000, 80, 144, 80, 144, 80, 144, 5]",0.0051494867159949794,71.44619083404541
NN6,8,8,T,FM,"[1000, 1000, 1000, 1000, 1000, 1000, 1000, 10]",0.0010848177175671924,72.10375618934631
NN6,8,64,R,FM,"[1000, 256, 445, 250, 445, 250, 445, 10]",0.0022406304965634062,70.53881931304932
NN6,8,64,T,FM,"[1000, 1000, 1000, 1000, 1000, 1000, 1000, 10]",0.0010158088537788432,71.28595089912415
NN6,16,8,R,FM,"[1000, 72, 144, 72, 144, 72, 144, 5]",0.009767461394763756,71.5053882598877
NN6,16,8,T,FM,"[1000, 1000, 1000, 1000, 1000, 1000, 1000, 10]",0.0020281018749199334,72.19107604026794
NN6,16,64,R,FM,"[1000, 256, 445, 167, 445, 167, 445, 10]",0.0043627788779858085,70.78249073028564
NN6,16,64,T,FM,"[1000, 1000, 1000, 1000, 1000, 1000, 1000, 10]",0.0019111200699551138,71.52911400794983
NN6,32,8,R,FM,"[1000, 72, 160, 72, 160, 72, 160, 5]",0.020698390310266053,71.72633671760559
NN6,32,8,T,FM,"[1000, 1000, 1000, 1000, 1000, 1000, 1000, 10]",0.004103583375041582,72.1631715297699
NN6,32,64,R,FM,"[1000, 256, 445, 256, 445, 256, 445, 10]",0.009139721391233391,70.04910254478455
NN6,32,64,T,FM,"[1000, 1000, 1000, 1000, 1000, 1000, 1000, 10]",0.003890655687723821,71.56848692893982
NN1,8,8,R,RRM,"[1000, 56, 10]",0.0002962024114985529,5.010382890701294
NN1,8,8,T,RRM,"[1000, 500, 10]",0.00011562721806387305,5.040440559387207
NN1,8,64,R,RRM,"[1000, 125, 10]",0.000170089698903085,4.921425819396973
NN1,8,64,T,RRM,"[1000, 500, 10]",0.00010965838381317365,4.986586332321167
NN1,32,8,R,RRM,"[1000, 48, 5]",0.0010388201444705778,5.030277729034424
NN1,32,8,T,RRM,"[1000, 500, 10]",0.0003486101424336209,5.042768716812134
NN1,32,64,R,RRM,"[1000, 125, 10]",0.0005752690524176198,4.9253990650177
NN1,32,64,T,RRM,"[1000, 500, 10]",0.0003341001317123333,4.999731540679932
NN2,8,8,R,RRM,"[750, 72, 80, 56, 5]",0.0009020506805007731,21.338937997817993
NN2,8,8,T,RRM,"[750, 784, 1000, 500, 10]",0.0002517177434467215,21.92234182357788
NN2,8,64,R,RRM,"[1000, 157, 250, 125, 10]",0.00044329070539948664,21.105220079421997
NN2,8,64,T,RRM,"[750, 784, 1000, 500, 10]",0.00023463833164292575,21.519040822982788
NN2,32,8,R,RRM,"[1000, 56, 72, 48, 5]",0.0032951456584259203,21.450153350830078
NN2,32,8,T,RRM,"[750, 784, 1000, 500, 10]",0.000789303848113927,21.915931940078735
NN2,32,64,R,RRM,"[1000, 112, 250, 125, 10]",0.0016393015144641533,21.09466791152954
NN2,32,64,T,RRM,"[750, 784, 1000, 500, 10]",0.0007464844363101313,21.77536964416504
NN3,8,8,R,RRM,"[1000, 80, 72, 80, 56, 5]",0.0015734568761875023,33.20273542404175
NN3,8,8,T,RRM,"[1000, 750, 784, 1000, 500, 10]",0.000367884099085436,33.77557849884033
NN3,8,64,R,RRM,"[1000, 250, 157, 250, 125, 10]",0.0007054303725559126,32.24697017669678
NN3,8,64,T,RRM,"[1000, 750, 784, 1000, 500, 10]",0.00034301117214682316,32.907501220703125
NN3,32,8,R,RRM,"[1000, 120, 56, 80, 48, 5]",0.005998454226298467,33.06283760070801
NN3,32,8,T,RRM,"[1000, 750, 784, 1000, 500, 10]",0.00126842608814963,33.61060070991516
NN3,32,64,R,RRM,"[1000, 250, 157, 250, 125, 10]",0.0026426026461673453,32.398608922958374
NN3,32,64,T,RRM,"[1000, 750, 784, 1000, 500, 10]",0.001202982572975723,33.18479585647583
