net,mu,bwd,k,D_cfg,T,T_max,acl
NN1,1,R,1,1e-09,4.882711823226234e-05,4.882711823226234e-05,"[63, 32, 1]"
NN1,1,R,1,1e-08,4.886311823226234e-05,4.886311823226235e-05,"[63, 32, 1]"
NN1,1,R,1,1e-07,4.922311823226234e-05,4.922311823226234e-05,"[63, 32, 1]"
NN1,1,R,1,1e-06,5.282311823226234e-05,5.2823118232262345e-05,"[63, 32, 1]"
NN1,1,R,4,1e-09,4.605447117343881e-05,4.605447117343882e-05,"[63, 32, 1]"
NN1,1,R,4,1e-08,4.609047117343881e-05,4.6090471173438815e-05,"[63, 32, 1]"
NN1,1,R,4,1e-07,4.645047117343881e-05,4.645047117343882e-05,"[63, 32, 1]"
NN1,1,R,4,1e-06,5.005047117343882e-05,5.005047117343881e-05,"[63, 32, 1]"
NN1,1,T,1,1e-09,4.336007736428168e-05,4.336007736428168e-05,"[63, 32, 1]"
NN1,1,T,1,1e-08,4.339607736428169e-05,4.3396077364281684e-05,"[63, 32, 1]"
NN1,1,T,1,1e-07,4.375607736428168e-05,4.375607736428168e-05,"[63, 32, 1]"
NN1,1,T,1,1e-06,4.735607736428168e-05,4.735607736428169e-05,"[63, 32, 1]"
NN1,1,T,4,1e-09,4.3017136187811094e-05,4.3017136187811094e-05,"[63, 32, 1]"
NN1,1,T,4,1e-08,4.30531361878111e-05,4.305313618781109e-05,"[63, 32, 1]"
NN1,1,T,4,1e-07,4.3413136187811095e-05,4.3413136187811095e-05,"[63, 32, 1]"
NN1,1,T,4,1e-06,4.701313618781109e-05,4.7013136187811095e-05,"[63, 32, 1]"
NN1,8,R,1,1e-09,0.00014397664834709712,0.00014397664834709715,"[63, 32, 1]"
NN1,8,R,1,1e-08,0.00014401264834709712,0.00014401264834709715,"[63, 32, 1]"
NN1,8,R,1,1e-07,0.00014437264834709713,0.00014437264834709715,"[63, 32, 1]"
NN1,8,R,1,1e-06,0.00014797264834709713,0.00014797264834709713,"[63, 32, 1]"
NN1,8,R,4,1e-09,0.00012176958952356773,0.00012176958952356773,"[63, 32, 1]"
NN1,8,R,4,1e-08,0.00012180558952356773,0.00012180558952356773,"[63, 32, 1]"
NN1,8,R,4,1e-07,0.00012216558952356772,0.00012216558952356775,"[63, 32, 1]"
NN1,8,R,4,1e-06,0.00012576558952356772,0.00012576558952356772,"[63, 32, 1]"
NN1,8,T,1,1e-09,0.00011254647835910194,0.00011254647835910194,"[63, 32, 1]"
NN1,8,T,1,1e-08,0.00011258247835910195,0.00011258247835910194,"[63, 32, 1]"
NN1,8,T,1,1e-07,0.00011294247835910193,0.00011294247835910194,"[63, 32, 1]"
NN1,8,T,1,1e-06,0.00011654247835910193,0.00011654247835910193,"[63, 32, 1]"
NN1,8,T,4,1e-09,0.00010977059600616075,0.00010977059600616077,"[63, 32, 1]"
NN1,8,T,4,1e-08,0.00010980659600616076,0.00010980659600616076,"[63, 32, 1]"
NN1,8,T,4,1e-07,0.00011016659600616075,0.00011016659600616077,"[63, 32, 1]"
NN1,8,T,4,1e-06,0.00011376659600616076,0.00011376659600616076,"[63, 32, 1]"
NN1,16,R,1,1e-09,0.000244986060111803,0.000244986060111803,"[63, 32, 1]"
NN1,16,R,1,1e-08,0.00024502206011180297,0.000245022060111803,"[63, 32, 1]"
NN1,16,R,1,1e-07,0.000245382060111803,0.000245382060111803,"[63, 32, 1]"
NN1,16,R,1,1e-06,0.000248982060111803,0.000248982060111803,"[63, 32, 1]"
NN1,16,R,4,1e-09,0.00020057194246474416,0.0002005719424647442,"[63, 32, 1]"
NN1,16,R,4,1e-08,0.00020060794246474419,0.00020060794246474416,"[63, 32, 1]"
NN1,16,R,4,1e-07,0.00020096794246474422,0.0002009679424647442,"[63, 32, 1]"
NN1,16,R,4,1e-06,0.0002045679424647442,0.00020456794246474417,"[63, 32, 1]"
NN1,16,T,1,1e-09,0.0001848482548296902,0.00018484825482969016,"[63, 32, 1]"
NN1,16,T,1,1e-08,0.00018488425482969016,0.0001848842548296902,"[63, 32, 1]"
NN1,16,T,1,1e-07,0.00018524425482969014,0.00018524425482969016,"[63, 32, 1]"
NN1,16,T,1,1e-06,0.00018884425482969017,0.00018884425482969017,"[63, 32, 1]"
NN1,16,T,4,1e-09,0.0001792964901238078,0.00017929649012380782,"[63, 32, 1]"
NN1,16,T,4,1e-08,0.00017933249012380781,0.00017933249012380781,"[63, 32, 1]"
NN1,16,T,4,1e-07,0.0001796924901238078,0.00017969249012380782,"[63, 32, 1]"
NN1,16,T,4,1e-06,0.00018329249012380777,0.00018329249012380782,"[63, 32, 1]"
NN1,32,R,1,1e-09,0.0004683148836412148,0.00046831488364121484,"[63, 32, 1]"
NN1,32,R,1,1e-08,0.0004683508836412148,0.0004683508836412148,"[63, 32, 1]"
NN1,32,R,1,1e-07,0.00046871088364121473,0.00046871088364121484,"[63, 32, 1]"
NN1,32,R,1,1e-06,0.0004723108836412147,0.0004723108836412148,"[63, 32, 1]"
NN1,32,R,4,1e-09,0.00037948664834709715,0.0003794866483470972,"[63, 32, 1]"
NN1,32,R,4,1e-08,0.0003795226483470972,0.0003795226483470971,"[63, 32, 1]"
NN1,32,R,4,1e-07,0.0003798826483470971,0.00037988264834709715,"[63, 32, 1]"
NN1,32,R,4,1e-06,0.0003834826483470972,0.00038348264834709713,"[63, 32, 1]"
NN1,32,T,1,1e-09,0.00034681057919943805,0.000346810579199438,"[63, 32, 1]"
NN1,32,T,1,1e-08,0.0003468465791994381,0.000346846579199438,"[63, 32, 1]"
NN1,32,T,1,1e-07,0.0003472065791994381,0.000347206579199438,"[63, 32, 1]"
NN1,32,T,1,1e-06,0.0003508065791994381,0.00035080657919943803,"[63, 32, 1]"
NN1,32,T,4,1e-09,0.00033570704978767336,0.0003357070497876733,"[63, 32, 1]"
NN1,32,T,4,1e-08,0.0003357430497876734,0.0003357430497876733,"[63, 32, 1]"
NN1,32,T,4,1e-07,0.0003361030497876734,0.0003361030497876733,"[63, 32, 1]"
NN1,32,T,4,1e-06,0.0003397030497876734,0.0003397030497876733,"[63, 32, 1]"
NN2,1,R,1,1e-09,9.184212348040909e-05,9.202329995099732e-05,"[51, 49, 63, 32, 1]"
NN2,1,R,1,1e-08,9.191412348040911e-05,9.209529995099733e-05,"[51, 49, 63, 32, 1]"
NN2,1,R,1,1e-07,9.263412348040909e-05,9.281529995099732e-05,"[51, 49, 63, 32, 1]"
NN2,1,R,1,1e-06,9.983412348040908e-05,0.00010001529995099732,"[51, 49, 63, 32, 1]"
NN2,1,R,4,1e-09,8.336241759805616e-05,8.340771171570321e-05,"[51, 49, 63, 32, 1]"
NN2,1,R,4,1e-08,8.343441759805615e-05,8.347971171570321e-05,"[51, 49, 63, 32, 1]"
NN2,1,R,4,1e-07,8.415441759805616e-05,8.41997117157032e-05,"[51, 49, 63, 32, 1]"
NN2,1,R,4,1e-06,9.135441759805614e-05,9.13997117157032e-05,"[51, 49, 63, 32, 1]"
NN2,1,T,1,1e-09,8.478566845505233e-05,8.478566845505235e-05,"[64, 49, 63, 32, 1]"
NN2,1,T,1,1e-08,8.485766845505234e-05,8.485766845505234e-05,"[64, 49, 63, 32, 1]"
NN2,1,T,1,1e-07,8.557766845505233e-05,8.557766845505235e-05,"[64, 49, 63, 32, 1]"
NN2,1,T,1,1e-06,9.277766845505233e-05,9.277766845505233e-05,"[64, 49, 63, 32, 1]"
NN2,1,T,4,1e-09,8.387978610211115e-05,8.387978610211117e-05,"[64, 49, 63, 32, 1]"
NN2,1,T,4,1e-08,8.395178610211118e-05,8.395178610211116e-05,"[64, 49, 63, 32, 1]"
NN2,1,T,4,1e-07,8.467178610211116e-05,8.467178610211116e-05,"[64, 49, 63, 32, 1]"
NN2,1,T,4,1e-06,9.187178610211114e-05,9.187178610211117e-05,"[64, 49, 63, 32, 1]"
NN2,8,R,1,1e-09,0.0003137623168246791,0.0003152117285893849,"[51, 49, 63, 32, 1]"
NN2,8,R,1,1e-08,0.0003138343168246791,0.000315283728589385,"[51, 49, 63, 32, 1]"
NN2,8,R,1,1e-07,0.00031455431682467905,0.0003160037285893849,"[51, 49, 63, 32, 1]"
NN2,8,R,1,1e-06,0.0003217543168246791,0.000323203728589385,"[51, 49, 63, 32, 1]"
NN2,8,R,4,1e-09,0.00024589878741291437,0.0002462611403540908,"[51, 49, 63, 32, 1]"
NN2,8,R,4,1e-08,0.0002459707874129144,0.0002463331403540908,"[51, 49, 63, 32, 1]"
NN2,8,R,4,1e-07,0.00024669078741291437,0.0002470531403540908,"[51, 49, 63, 32, 1]"
NN2,8,R,4,1e-06,0.0002538907874129144,0.00025425314035409084,"[51, 49, 63, 32, 1]"
NN2,8,T,1,1e-09,0.00024195716410319206,0.00024195716410319206,"[64, 49, 63, 32, 1]"
NN2,8,T,1,1e-08,0.00024202916410319202,0.00024202916410319205,"[64, 49, 63, 32, 1]"
NN2,8,T,1,1e-07,0.00024274916410319203,0.00024274916410319206,"[64, 49, 63, 32, 1]"
NN2,8,T,1,1e-06,0.0002499491641031921,0.00024994916410319204,"[64, 49, 63, 32, 1]"
NN2,8,T,4,1e-09,0.00023467775233848614,0.00023467775233848616,"[64, 49, 63, 32, 1]"
NN2,8,T,4,1e-08,0.00023474975233848616,0.00023474975233848616,"[64, 49, 63, 32, 1]"
NN2,8,T,4,1e-07,0.00023546975233848617,0.00023546975233848617,"[64, 49, 63, 32, 1]"
NN2,8,T,4,1e-06,0.00024266975233848612,0.00024266975233848618,"[64, 49, 63, 32, 1]"
NN2,16,R,1,1e-09,0.0005795398539839081,0.0005827036417211716,"[51, 49, 63, 18, 1]"
NN2,16,R,1,1e-08,0.0005796118539839081,0.0005827756417211715,"[51, 49, 63, 18, 1]"
NN2,16,R,1,1e-07,0.0005803318539839081,0.0005834956417211716,"[51, 49, 63, 18, 1]"
NN2,16,R,1,1e-06,0.0005875318539839082,0.0005906956417211716,"[51, 49, 63, 18, 1]"
NN2,16,R,4,1e-09,0.0004440777593682303,0.0004448024652505833,"[51, 49, 63, 32, 1]"
NN2,16,R,4,1e-08,0.0004441497593682303,0.0004448744652505833,"[51, 49, 63, 32, 1]"
NN2,16,R,4,1e-07,0.0004448697593682303,0.0004455944652505833,"[51, 49, 63, 32, 1]"
NN2,16,R,4,1e-06,0.00045206975936823034,0.0004527944652505833,"[51, 49, 63, 32, 1]"
NN2,16,T,1,1e-09,0.0004329975766347385,0.0004329975766347385,"[64, 49, 63, 32, 1]"
NN2,16,T,1,1e-08,0.0004330695766347385,0.0004330695766347385,"[64, 49, 63, 32, 1]"
NN2,16,T,1,1e-07,0.0004337895766347384,0.0004337895766347385,"[64, 49, 63, 32, 1]"
NN2,16,T,1,1e-06,0.0004409895766347384,0.0004409895766347385,"[64, 49, 63, 32, 1]"
NN2,16,T,4,1e-09,0.0004184387531053268,0.0004184387531053268,"[64, 49, 63, 32, 1]"
NN2,16,T,4,1e-08,0.0004185107531053267,0.0004185107531053267,"[64, 49, 63, 32, 1]"
NN2,16,T,4,1e-07,0.00041923075310532667,0.0004192307531053268,"[64, 49, 63, 32, 1]"
NN2,16,T,4,1e-06,0.0004264307531053267,0.00042643075310532674,"[64, 49, 63, 32, 1]"
NN2,32,R,1,1e-09,0.0010739194225195467,0.0010797170695783702,"[51, 49, 63, 32, 1]"
NN2,32,R,1,1e-08,0.0010739914225195467,0.0010797890695783702,"[51, 49, 63, 32, 1]"
NN2,32,R,1,1e-07,0.0010747114225195468,0.00108050906957837,"[51, 49, 63, 32, 1]"
NN2,32,R,1,1e-06,0.0010819114225195468,0.0010877090695783703,"[51, 49, 63, 32, 1]"
NN2,32,R,4,1e-09,0.0008024653048724878,0.0008039147166371936,"[51, 49, 63, 32, 1]"
NN2,32,R,4,1e-08,0.0008025373048724878,0.0008039867166371936,"[51, 49, 63, 32, 1]"
NN2,32,R,4,1e-07,0.0008032573048724876,0.0008047067166371937,"[51, 49, 63, 32, 1]"
NN2,32,R,4,1e-06,0.0008104573048724877,0.0008119067166371936,"[51, 49, 63, 32, 1]"
NN2,32,T,1,1e-09,0.0007790773864174564,0.0007790773864174565,"[64, 49, 63, 32, 1]"
NN2,32,T,1,1e-08,0.0007791493864174565,0.0007791493864174565,"[64, 49, 63, 32, 1]"
NN2,32,T,1,1e-07,0.0007798693864174564,0.0007798693864174564,"[64, 49, 63, 32, 1]"
NN2,32,T,1,1e-06,0.0007870693864174564,0.0007870693864174566,"[64, 49, 63, 32, 1]"
NN2,32,T,4,1e-09,0.0007499597393586329,0.0007499597393586329,"[64, 49, 63, 32, 1]"
NN2,32,T,4,1e-08,0.000750031739358633,0.000750031739358633,"[64, 49, 63, 32, 1]"
NN2,32,T,4,1e-07,0.0007507517393586329,0.0007507517393586329,"[64, 49, 63, 32, 1]"
NN2,32,T,4,1e-06,0.0007579517393586329,0.000757951739358633,"[64, 49, 63, 32, 1]"
NN3,1,R,1,1e-09,0.0001263390624766409,0.0001265720036531115,"[64, 51, 49, 63, 32, 1]"
NN3,1,R,1,1e-08,0.00012642906247664092,0.0001266620036531115,"[64, 51, 49, 63, 32, 1]"
NN3,1,R,1,1e-07,0.0001273290624766409,0.00012756200365311151,"[64, 51, 49, 63, 32, 1]"
NN3,1,R,1,1e-06,0.0001363290624766409,0.00013656200365311152,"[64, 51, 49, 63, 32, 1]"
NN3,1,R,4,1e-09,0.00011370523894722915,0.0001137634742413468,"[64, 51, 49, 63, 32, 1]"
NN3,1,R,4,1e-08,0.00011379523894722914,0.00011385347424134679,"[64, 51, 49, 63, 32, 1]"
NN3,1,R,4,1e-07,0.00011469523894722915,0.0001147534742413468,"[64, 51, 49, 63, 32, 1]"
NN3,1,R,4,1e-06,0.00012369523894722916,0.0001237534742413468,"[64, 51, 49, 63, 32, 1]"
NN3,1,T,1,1e-09,0.00011870338267133234,0.00011870338267133232,"[63, 64, 49, 63, 32, 1]"
NN3,1,T,1,1e-08,0.00011879338267133234,0.00011879338267133232,"[63, 64, 49, 63, 32, 1]"
NN3,1,T,1,1e-07,0.00011969338267133235,0.00011969338267133232,"[63, 64, 49, 63, 32, 1]"
NN3,1,T,1,1e-06,0.00012869338267133232,0.00012869338267133232,"[63, 64, 49, 63, 32, 1]"
NN3,1,T,4,1e-09,0.00011735102973015586,0.00011735102973015586,"[63, 64, 49, 63, 32, 1]"
NN3,1,T,4,1e-08,0.00011744102973015587,0.00011744102973015585,"[63, 64, 49, 63, 32, 1]"
NN3,1,T,4,1e-07,0.00011834102973015585,0.00011834102973015586,"[63, 64, 49, 63, 32, 1]"
NN3,1,T,4,1e-06,0.00012734102973015584,0.00012734102973015584,"[63, 64, 49, 63, 32, 1]"
NN3,8,R,1,1e-09,0.0004546154428375502,0.00045647897224931487,"[64, 51, 49, 63, 32, 1]"
NN3,8,R,1,1e-08,0.0004547054428375501,0.0004565689722493148,"[64, 51, 49, 63, 32, 1]"
NN3,8,R,1,1e-07,0.00045560544283755014,0.0004574689722493149,"[64, 51, 49, 63, 32, 1]"
NN3,8,R,1,1e-06,0.0004646054428375502,0.00046646897224931485,"[64, 51, 49, 63, 32, 1]"
NN3,8,R,4,1e-09,0.0003535189722493149,0.00035398485460225605,"[64, 51, 49, 63, 32, 1]"
NN3,8,R,4,1e-08,0.00035360897224931485,0.00035407485460225605,"[64, 51, 49, 63, 32, 1]"
NN3,8,R,4,1e-07,0.0003545089722493149,0.000354974854602256,"[64, 51, 49, 63, 32, 1]"
NN3,8,R,4,1e-06,0.00036350897224931493,0.000363974854602256,"[64, 51, 49, 63, 32, 1]"
NN3,8,T,1,1e-09,0.0003539924251295587,0.0003539924251295586,"[63, 64, 49, 63, 32, 1]"
NN3,8,T,1,1e-08,0.00035408242512955865,0.0003540824251295586,"[63, 64, 49, 63, 32, 1]"
NN3,8,T,1,1e-07,0.00035498242512955867,0.00035498242512955867,"[63, 64, 49, 63, 32, 1]"
NN3,8,T,1,1e-06,0.00036398242512955867,0.00036398242512955867,"[63, 64, 49, 63, 32, 1]"
NN3,8,T,4,1e-09,0.00034314124865897046,0.0003431412486589704,"[63, 64, 49, 63, 32, 1]"
NN3,8,T,4,1e-08,0.0003432312486589704,0.0003432312486589704,"[63, 64, 49, 63, 32, 1]"
NN3,8,T,4,1e-07,0.0003441312486589704,0.0003441312486589704,"[63, 64, 49, 63, 32, 1]"
NN3,8,T,4,1e-06,0.00035313124865897044,0.0003531312486589704,"[63, 64, 49, 63, 32, 1]"
NN3,16,R,1,1e-09,0.000826283134340954,0.0008323273973723352,"[64, 51, 49, 63, 18, 1]"
NN3,16,R,1,1e-08,0.000826373134340954,0.0008324173973723351,"[64, 51, 49, 63, 18, 1]"
NN3,16,R,1,1e-07,0.000827273134340954,0.0008333173973723352,"[64, 51, 49, 63, 18, 1]"
NN3,16,R,1,1e-06,0.0008362731343409541,0.0008423173973723351,"[64, 51, 49, 63, 18, 1]"
NN3,16,R,4,1e-09,0.0006264073973723351,0.0006273391620782175,"[64, 51, 49, 63, 32, 1]"
NN3,16,R,4,1e-08,0.0006264973973723352,0.0006274291620782175,"[64, 51, 49, 63, 32, 1]"
NN3,16,R,4,1e-07,0.0006273973973723349,0.0006283291620782174,"[64, 51, 49, 63, 32, 1]"
NN3,16,R,4,1e-06,0.000636397397372335,0.0006373291620782174,"[64, 51, 49, 63, 32, 1]"
NN3,16,T,1,1e-09,0.000620569419720079,0.0006205694197200791,"[63, 64, 49, 63, 32, 1]"
NN3,16,T,1,1e-08,0.0006206594197200788,0.000620659419720079,"[63, 64, 49, 63, 32, 1]"
NN3,16,T,1,1e-07,0.0006215594197200788,0.000621559419720079,"[63, 64, 49, 63, 32, 1]"
NN3,16,T,1,1e-06,0.000630559419720079,0.0006305594197200789,"[63, 64, 49, 63, 32, 1]"
NN3,16,T,4,1e-09,0.0005988670667789025,0.0005988670667789025,"[63, 64, 49, 63, 32, 1]"
NN3,16,T,4,1e-08,0.0005989570667789025,0.0005989570667789025,"[63, 64, 49, 63, 32, 1]"
NN3,16,T,4,1e-07,0.0005998570667789026,0.0005998570667789025,"[63, 64, 49, 63, 32, 1]"
NN3,16,T,4,1e-06,0.0006088570667789025,0.0006088570667789025,"[63, 64, 49, 63, 32, 1]"
NN3,32,R,1,1e-09,0.0016516512384011927,0.0016591053560482518,"[64, 51, 49, 63, 32, 1]"
NN3,32,R,1,1e-08,0.0016517412384011924,0.0016591953560482517,"[64, 51, 49, 63, 32, 1]"
NN3,32,R,1,1e-07,0.0016526412384011925,0.0016600953560482515,"[64, 51, 49, 63, 32, 1]"
NN3,32,R,1,1e-06,0.0016616412384011928,0.0016690953560482514,"[64, 51, 49, 63, 32, 1]"
NN3,32,R,4,1e-09,0.0012472653560482517,0.0012491288854600162,"[64, 51, 49, 63, 32, 1]"
NN3,32,R,4,1e-08,0.0012473553560482516,0.0012492188854600161,"[64, 51, 49, 63, 32, 1]"
NN3,32,R,4,1e-07,0.0012482553560482516,0.0012501188854600162,"[64, 51, 49, 63, 32, 1]"
NN3,32,R,4,1e-06,0.0012572553560482517,0.0012591188854600163,"[64, 51, 49, 63, 32, 1]"
NN3,32,T,1,1e-09,0.001251350884781988,0.001251350884781988,"[63, 64, 49, 63, 32, 1]"
NN3,32,T,1,1e-08,0.0012514408847819878,0.0012514408847819878,"[63, 64, 49, 63, 32, 1]"
NN3,32,T,1,1e-07,0.001252340884781988,0.0012523408847819877,"[63, 64, 49, 63, 32, 1]"
NN3,32,T,1,1e-06,0.001261340884781988,0.0012613408847819876,"[63, 64, 49, 63, 32, 1]"
NN3,32,T,4,1e-09,0.0012079461788996352,0.0012079461788996348,"[63, 64, 49, 63, 32, 1]"
NN3,32,T,4,1e-08,0.001208036178899635,0.0012080361788996347,"[63, 64, 49, 63, 32, 1]"
NN3,32,T,4,1e-07,0.001208936178899635,0.0012089361788996348,"[63, 64, 49, 63, 32, 1]"
NN3,32,T,4,1e-06,0.001217936178899635,0.0012179361788996349,"[63, 64, 49, 63, 32, 1]"
NN4,1,R,1,1e-09,0.000165471176979203,0.0001657300005086148,"[64, 63, 52, 48, 63, 32, 1]"
NN4,1,R,1,1e-08,0.000165579176979203,0.00016583800050861476,"[64, 63, 52, 48, 63, 32, 1]"
NN4,1,R,1,1e-07,0.000166659176979203,0.0001669180005086148,"[64, 63, 52, 48, 63, 32, 1]"
NN4,1,R,1,1e-06,0.000177459176979203,0.0001777180005086148,"[64, 63, 52, 48, 63, 32, 1]"
NN4,1,R,4,1e-09,0.000146661176979203,0.00014672588286155595,"[64, 63, 52, 48, 63, 32, 1]"
NN4,1,R,4,1e-08,0.000146769176979203,0.00014683388286155597,"[64, 64, 52, 48, 63, 32, 1]"
NN4,1,R,4,1e-07,0.000147849176979203,0.00014791388286155595,"[64, 63, 52, 48, 63, 32, 1]"
NN4,1,R,4,1e-06,0.00015864917697920304,0.00015871388286155594,"[64, 63, 52, 48, 63, 32, 1]"
NN4,1,T,1,1e-09,0.00015705962269165727,0.00015705962269165725,"[64, 63, 64, 49, 63, 32, 1]"
NN4,1,T,1,1e-08,0.0001571676226916572,0.00015716762269165724,"[64, 63, 64, 49, 63, 32, 1]"
NN4,1,T,1,1e-07,0.00015824762269165727,0.00015824762269165725,"[64, 63, 64, 49, 63, 32, 1]"
NN4,1,T,1,1e-06,0.0001690476226916572,0.00016904762269165724,"[64, 63, 64, 49, 63, 32, 1]"
NN4,1,T,4,1e-09,0.0001551443285740102,0.0001551443285740102,"[64, 63, 64, 49, 63, 32, 1]"
NN4,1,T,4,1e-08,0.0001552523285740102,0.0001552523285740102,"[64, 63, 64, 49, 63, 32, 1]"
NN4,1,T,4,1e-07,0.0001563323285740102,0.00015633232857401017,"[64, 63, 64, 49, 63, 32, 1]"
NN4,1,T,4,1e-06,0.0001671323285740102,0.0001671323285740102,"[64, 63, 64, 49, 63, 32, 1]"
NN4,8,R,1,1e-09,0.0006584634813162102,0.0006603270107279749,"[64, 63, 51, 49, 63, 32, 1]"
NN4,8,R,1,1e-08,0.0006585714813162101,0.0006604350107279748,"[64, 63, 51, 49, 63, 32, 1]"
NN4,8,R,1,1e-07,0.0006596514813162101,0.0006615150107279748,"[64, 63, 51, 49, 63, 32, 1]"
NN4,8,R,1,1e-06,0.0006704514813162102,0.0006723150107279749,"[64, 63, 51, 49, 63, 32, 1]"
NN4,8,R,4,1e-09,0.0005077893636691512,0.0005082552460220924,"[64, 63, 51, 49, 63, 32, 1]"
NN4,8,R,4,1e-08,0.0005078973636691512,0.0005083632460220925,"[64, 63, 51, 49, 63, 32, 1]"
NN4,8,R,4,1e-07,0.0005089773636691513,0.0005094432460220925,"[64, 64, 51, 49, 63, 32, 1]"
NN4,8,R,4,1e-06,0.0005197773636691512,0.0005202432460220925,"[64, 63, 51, 49, 63, 32, 1]"
NN4,8,T,1,1e-09,0.0005176043735111586,0.0005176043735111585,"[64, 63, 64, 49, 63, 32, 1]"
NN4,8,T,1,1e-08,0.0005177123735111586,0.0005177123735111586,"[64, 63, 64, 49, 63, 32, 1]"
NN4,8,T,1,1e-07,0.0005187923735111585,0.0005187923735111584,"[64, 63, 64, 49, 63, 32, 1]"
NN4,8,T,1,1e-06,0.0005295923735111585,0.0005295923735111585,"[64, 63, 64, 49, 63, 32, 1]"
NN4,8,T,4,1e-09,0.0005022496676288057,0.0005022496676288056,"[64, 63, 64, 49, 63, 32, 1]"
NN4,8,T,4,1e-08,0.0005023576676288055,0.0005023576676288056,"[64, 63, 64, 49, 63, 32, 1]"
NN4,8,T,4,1e-07,0.0005034376676288056,0.0005034376676288056,"[64, 63, 64, 49, 63, 32, 1]"
NN4,8,T,4,1e-06,0.0005142376676288055,0.0005142376676288055,"[64, 63, 64, 49, 63, 32, 1]"
NN4,16,R,1,1e-09,0.0012043400801189238,0.0012080671389424532,"[64, 63, 51, 49, 63, 32, 1]"
NN4,16,R,1,1e-08,0.0012044480801189238,0.0012081751389424532,"[64, 63, 51, 49, 63, 32, 1]"
NN4,16,R,1,1e-07,0.0012055280801189238,0.0012092551389424533,"[64, 63, 51, 49, 63, 32, 1]"
NN4,16,R,1,1e-06,0.001216328080118924,0.0012200551389424533,"[64, 63, 51, 49, 63, 32, 1]"
NN4,16,R,4,1e-09,0.000902991844824806,0.0009039236095306886,"[64, 63, 51, 49, 63, 32, 1]"
NN4,16,R,4,1e-08,0.0009030998448248062,0.0009040316095306885,"[64, 63, 51, 49, 63, 32, 1]"
NN4,16,R,4,1e-07,0.0009041798448248062,0.0009051116095306885,"[64, 63, 51, 49, 63, 32, 1]"
NN4,16,R,4,1e-06,0.0009149798448248062,0.0009159116095306884,"[64, 63, 51, 49, 63, 32, 1]"
NN4,16,T,1,1e-09,0.0009096386523319446,0.0009096386523319445,"[64, 63, 64, 49, 63, 32, 1]"
NN4,16,T,1,1e-08,0.0009097466523319444,0.0009097466523319446,"[64, 63, 64, 49, 63, 32, 1]"
NN4,16,T,1,1e-07,0.0009108266523319444,0.0009108266523319445,"[64, 63, 64, 49, 63, 32, 1]"
NN4,16,T,1,1e-06,0.0009216266523319447,0.0009216266523319446,"[64, 63, 64, 49, 63, 32, 1]"
NN4,16,T,4,1e-09,0.0008789292405672386,0.0008789292405672387,"[64, 63, 64, 49, 63, 32, 1]"
NN4,16,T,4,1e-08,0.0008790372405672386,0.0008790372405672387,"[64, 63, 64, 49, 63, 32, 1]"
NN4,16,T,4,1e-07,0.0008801172405672387,0.0008801172405672387,"[64, 63, 64, 49, 63, 32, 1]"
NN4,16,T,4,1e-06,0.0008909172405672387,0.0008909172405672386,"[64, 63, 64, 49, 63, 32, 1]"
NN4,32,R,1,1e-09,0.002424991458530546,0.002432445576177605,"[64, 64, 51, 49, 63, 32, 1]"
NN4,32,R,1,1e-08,0.002425099458530546,0.0024325535761776044,"[64, 63, 51, 49, 63, 32, 1]"
NN4,32,R,1,1e-07,0.0024261794585305457,0.002433633576177605,"[64, 63, 51, 49, 63, 32, 1]"
NN4,32,R,1,1e-06,0.002436979458530546,0.002444433576177605,"[64, 64, 51, 49, 63, 32, 1]"
NN4,32,R,4,1e-09,0.0018222949879423106,0.0018241585173540751,"[64, 63, 51, 49, 63, 32, 1]"
NN4,32,R,4,1e-08,0.0018224029879423105,0.0018242665173540753,"[64, 63, 51, 49, 63, 32, 1]"
NN4,32,R,4,1e-07,0.0018234829879423106,0.0018253465173540752,"[64, 63, 51, 49, 63, 32, 1]"
NN4,32,R,4,1e-06,0.0018342829879423107,0.001836146517354075,"[64, 64, 51, 49, 63, 32, 1]"
NN4,32,T,1,1e-09,0.0018388623955358176,0.0018388623955358173,"[64, 63, 64, 49, 63, 32, 1]"
NN4,32,T,1,1e-08,0.0018389703955358175,0.0018389703955358173,"[64, 63, 64, 49, 63, 32, 1]"
NN4,32,T,1,1e-07,0.0018400503955358174,0.0018400503955358174,"[64, 63, 64, 49, 63, 32, 1]"
NN4,32,T,1,1e-06,0.0018508503955358177,0.0018508503955358174,"[64, 63, 64, 49, 63, 32, 1]"
NN4,32,T,4,1e-09,0.001777443572006406,0.0017774435720064056,"[64, 63, 64, 49, 63, 32, 1]"
NN4,32,T,4,1e-08,0.0017775515720064054,0.0017775515720064056,"[64, 63, 64, 49, 63, 32, 1]"
NN4,32,T,4,1e-07,0.0017786315720064053,0.0017786315720064057,"[64, 63, 64, 49, 63, 32, 1]"
NN4,32,T,4,1e-06,0.0017894315720064062,0.0017894315720064055,"[64, 63, 64, 49, 63, 32, 1]"
NN5,1,R,1,1e-09,0.00013866108909973464,0.00013866108909973464,"[63, 63, 63, 1]"
NN5,1,R,1,1e-08,0.00013871508909973462,0.00013871508909973462,"[63, 63, 63, 1]"
NN5,1,R,1,1e-07,0.0001392550890997346,0.00013925508909973464,"[63, 63, 63, 1]"
NN5,1,R,1,1e-06,0.00014465508909973463,0.00014465508909973463,"[63, 63, 63, 1]"
NN5,1,R,4,1e-09,0.0001258486742067277,0.0001258486742067277,"[63, 63, 63, 1]"
NN5,1,R,4,1e-08,0.0001258936742067277,0.00012589367420672771,"[63, 63, 63, 1]"
NN5,1,R,4,1e-07,0.00012634367420672773,0.0001263436742067277,"[63, 63, 63, 1]"
NN5,1,R,4,1e-06,0.00013122214792326404,0.00013122214792326404,"[63, 63, 63, 1]"
NN5,1,T,1,1e-09,0.0001280212029411694,0.0001280212029411694,"[63, 63, 63, 1]"
NN5,1,T,1,1e-08,0.0001280752029411694,0.00012807520294116939,"[63, 63, 63, 1]"
NN5,1,T,1,1e-07,0.0001286152029411694,0.0001286152029411694,"[63, 63, 63, 1]"
NN5,1,T,1,1e-06,0.0001340152029411694,0.0001340152029411694,"[63, 63, 63, 1]"
NN5,1,T,4,1e-09,0.00012638090882352235,0.00012638090882352235,"[63, 63, 63, 1]"
NN5,1,T,4,1e-08,0.00012643490882352236,0.00012643490882352233,"[63, 63, 63, 1]"
NN5,1,T,4,1e-07,0.00012697490882352232,0.00012697490882352232,"[63, 63, 63, 1]"
NN5,1,T,4,1e-06,0.00013237490882352234,0.00013237490882352234,"[63, 63, 63, 1]"
NN5,8,R,1,1e-09,0.0005945471229144576,0.0005945471229144576,"[63, 63, 63, 1]"
NN5,8,R,1,1e-08,0.0005946011229144576,0.0005946011229144576,"[63, 63, 63, 1]"
NN5,8,R,1,1e-07,0.0005951411229144577,0.0005951411229144577,"[63, 63, 63, 1]"
NN5,8,R,1,1e-06,0.0006005411229144577,0.0006005411229144577,"[63, 63, 63, 1]"
NN5,8,R,4,1e-09,0.0004922005903743919,0.000492200590374392,"[63, 63, 63, 1]"
NN5,8,R,4,1e-08,0.0004922455903743919,0.0004922455903743919,"[63, 63, 63, 1]"
NN5,8,R,4,1e-07,0.000492695590374392,0.000492695590374392,"[63, 63, 63, 1]"
NN5,8,R,4,1e-06,0.0004971955903743919,0.0004971955903743919,"[63, 63, 63, 1]"
NN5,8,T,1,1e-09,0.00047971859226619525,0.0004797185922661952,"[63, 63, 63, 1]"
NN5,8,T,1,1e-08,0.0004797725922661951,0.0004797725922661952,"[63, 63, 63, 1]"
NN5,8,T,1,1e-07,0.00048031259226619517,0.0004803125922661952,"[63, 63, 63, 1]"
NN5,8,T,1,1e-06,0.00048571259226619514,0.0004857125922661952,"[63, 63, 63, 1]"
NN5,8,T,4,1e-09,0.0004665768275603128,0.0004665768275603128,"[63, 63, 63, 1]"
NN5,8,T,4,1e-08,0.0004666308275603128,0.0004666308275603128,"[63, 63, 63, 1]"
NN5,8,T,4,1e-07,0.00046717082756031285,0.00046717082756031285,"[63, 63, 63, 1]"
NN5,8,T,4,1e-06,0.0004725708275603128,0.0004725708275603128,"[63, 63, 63, 1]"
NN5,16,R,1,1e-09,0.0011232103717108827,0.0011232103717108827,"[63, 63, 63, 1]"
NN5,16,R,1,1e-08,0.0011232643717108827,0.0011232643717108827,"[63, 63, 63, 1]"
NN5,16,R,1,1e-07,0.0011238043717108825,0.0011238043717108827,"[63, 63, 63, 1]"
NN5,16,R,1,1e-06,0.0011292043717108827,0.0011292043717108827,"[63, 63, 63, 1]"
NN5,16,R,4,1e-09,0.000918539133288464,0.000918539133288464,"[63, 63, 63, 1]"
NN5,16,R,4,1e-08,0.000918584133288464,0.000918584133288464,"[63, 63, 63, 1]"
NN5,16,R,4,1e-07,0.000919034133288464,0.000919034133288464,"[63, 63, 63, 1]"
NN5,16,R,4,1e-06,0.000923534133288464,0.0009235341332884641,"[63, 63, 63, 1]"
NN5,16,T,1,1e-09,0.0008910906845785298,0.0008910906845785298,"[63, 63, 63, 1]"
NN5,16,T,1,1e-08,0.0008911446845785298,0.0008911446845785298,"[63, 63, 63, 1]"
NN5,16,T,1,1e-07,0.0008916846845785297,0.0008916846845785298,"[63, 63, 63, 1]"
NN5,16,T,1,1e-06,0.0008970846845785299,0.0008970846845785299,"[63, 63, 63, 1]"
NN5,16,T,4,1e-09,0.0008648071551667651,0.0008648071551667651,"[63, 63, 63, 1]"
NN5,16,T,4,1e-08,0.000864861155166765,0.000864861155166765,"[63, 63, 63, 1]"
NN5,16,T,4,1e-07,0.0008654011551667651,0.0008654011551667651,"[63, 63, 63, 1]"
NN5,16,T,4,1e-06,0.0008708011551667651,0.0008708011551667651,"[63, 63, 63, 1]"
NN5,32,R,1,1e-09,0.002253006450142189,0.002253006450142189,"[63, 63, 63, 1]"
NN5,32,R,1,1e-08,0.002253060450142188,0.0022530604501421886,"[63, 63, 63, 1]"
NN5,32,R,1,1e-07,0.0022536004501421884,0.002253600450142189,"[63, 63, 63, 1]"
NN5,32,R,1,1e-06,0.0022590004501421884,0.0022590004501421884,"[63, 63, 63, 1]"
NN5,32,R,4,1e-09,0.0018436857999550639,0.0018436857999550639,"[63, 63, 63, 1]"
NN5,32,R,4,1e-08,0.001843730799955064,0.001843730799955064,"[63, 63, 63, 1]"
NN5,32,R,4,1e-07,0.001844180799955064,0.001844180799955064,"[63, 63, 63, 1]"
NN5,32,R,4,1e-06,0.0018486807999550637,0.0018486807999550641,"[63, 63, 63, 1]"
NN5,32,T,1,1e-09,0.0017861397800441826,0.0017861397800441828,"[63, 63, 63, 1]"
NN5,32,T,1,1e-08,0.0017861937800441826,0.0017861937800441828,"[63, 63, 63, 1]"
NN5,32,T,1,1e-07,0.0017867337800441827,0.0017867337800441829,"[63, 63, 63, 1]"
NN5,32,T,1,1e-06,0.0017921337800441827,0.001792133780044183,"[63, 63, 63, 1]"
NN5,32,T,4,1e-09,0.0017335727212206531,0.0017335727212206536,"[63, 63, 63, 1]"
NN5,32,T,4,1e-08,0.0017336267212206533,0.0017336267212206533,"[63, 63, 63, 1]"
NN5,32,T,4,1e-07,0.0017341667212206534,0.0017341667212206534,"[63, 63, 63, 1]"
NN5,32,T,4,1e-06,0.0017395667212206532,0.0017395667212206534,"[63, 63, 63, 1]"
NN6,1,R,1,1e-09,0.00028866910261974405,0.000288669102619744,"[63, 63, 63, 63, 63, 63, 63, 1]"
NN6,1,R,1,1e-08,0.000288795102619744,0.000288795102619744,"[63, 63, 63, 63, 63, 63, 63, 1]"
NN6,1,R,1,1e-07,0.00029005510261974403,0.000290055102619744,"[63, 63, 63, 63, 63, 63, 63, 1]"
NN6,1,R,1,1e-06,0.000302655102619744,0.000302655102619744,"[63, 63, 63, 63, 63, 63, 63, 1]"
NN6,1,R,4,1e-09,0.0002548919818443841,0.0002548919818443841,"[63, 63, 63, 63, 63, 63, 63, 1]"
NN6,1,R,4,1e-08,0.00025500898184438415,0.0002550089818443841,"[63, 63, 63, 63, 63, 63, 63, 1]"
NN6,1,R,4,1e-07,0.0002561789818443842,0.0002561789818443841,"[63, 63, 63, 63, 63, 63, 63, 1]"
NN6,1,R,4,1e-06,0.00026825745556092047,0.0002682574555609204,"[63, 63, 63, 63, 63, 63, 63, 1]"
NN6,1,T,1,1e-09,0.0002800795996785675,0.00028007959967856746,"[63, 63, 63, 63, 63, 63, 63, 1]"
NN6,1,T,1,1e-08,0.00028020559967856744,0.0002802055996785675,"[63, 63, 63, 63, 63, 63, 63, 1]"
NN6,1,T,1,1e-07,0.0002814655996785675,0.0002814655996785675,"[63, 63, 63, 63, 63, 63, 63, 1]"
NN6,1,T,1,1e-06,0.0002940655996785674,0.0002940655996785675,"[63, 63, 63, 63, 63, 63, 63, 1]"
NN6,1,T,4,1e-09,0.0002761098937962145,0.00027610989379621447,"[63, 63, 63, 63, 63, 63, 63, 1]"
NN6,1,T,4,1e-08,0.0002762358937962146,0.0002762358937962145,"[63, 63, 63, 63, 63, 63, 63, 1]"
NN6,1,T,4,1e-07,0.0002774958937962145,0.0002774958937962145,"[63, 63, 63, 63, 63, 63, 63, 1]"
NN6,1,T,4,1e-06,0.00029009589379621454,0.0002900958937962145,"[63, 63, 63, 63, 63, 63, 63, 1]"
NN6,8,R,1,1e-09,0.0012682504751687636,0.0012682504751687636,"[63, 63, 63, 63, 63, 63, 63, 1]"
NN6,8,R,1,1e-08,0.0012683764751687636,0.0012683764751687636,"[63, 63, 63, 63, 63, 63, 63, 1]"
NN6,8,R,1,1e-07,0.0012696364751687637,0.0012696364751687635,"[63, 63, 63, 63, 63, 63, 63, 1]"
NN6,8,R,1,1e-06,0.0012822364751687635,0.0012822364751687635,"[63, 63, 63, 63, 63, 63, 63, 1]"
NN6,8,R,4,1e-09,0.0009981862955698746,0.0009981862955698742,"[63, 63, 63, 63, 63, 63, 63, 1]"
NN6,8,R,4,1e-08,0.0009983032955698744,0.0009983032955698742,"[63, 63, 63, 63, 63, 63, 63, 1]"
NN6,8,R,4,1e-07,0.0009994732955698742,0.0009994732955698742,"[63, 63, 63, 63, 63, 63, 63, 1]"
NN6,8,R,4,1e-06,0.0010111732955698745,0.001011173295569874,"[63, 63, 63, 63, 63, 63, 63, 1]"
NN6,8,T,1,1e-09,0.0010483267933060183,0.0010483267933060183,"[63, 63, 63, 63, 63, 63, 63, 1]"
NN6,8,T,1,1e-08,0.0010484527933060186,0.0010484527933060184,"[63, 63, 63, 63, 63, 63, 63, 1]"
NN6,8,T,1,1e-07,0.0010497127933060187,0.0010497127933060183,"[63, 63, 63, 63, 63, 63, 63, 1]"
NN6,8,T,1,1e-06,0.0010623127933060183,0.0010623127933060185,"[63, 63, 63, 63, 63, 63, 63, 1]"
NN6,8,T,4,1e-09,0.0010165497344824892,0.001016549734482489,"[63, 63, 63, 63, 63, 63, 63, 1]"
NN6,8,T,4,1e-08,0.0010166757344824888,0.0010166757344824888,"[63, 63, 63, 63, 63, 63, 63, 1]"
NN6,8,T,4,1e-07,0.001017935734482489,0.0010179357344824891,"[63, 63, 63, 63, 63, 63, 63, 1]"
NN6,8,T,4,1e-06,0.0010305357344824891,0.001030535734482489,"[63, 63, 63, 63, 63, 63, 63, 1]"
NN6,16,R,1,1e-09,0.002437558710462681,0.002437558710462681,"[63, 63, 63, 63, 63, 63, 63, 1]"
NN6,16,R,1,1e-08,0.002437684710462681,0.0024376847104626816,"[63, 63, 63, 63, 63, 63, 63, 1]"
NN6,16,R,1,1e-07,0.0024389447104626815,0.0024389447104626815,"[63, 63, 63, 63, 63, 63, 63, 1]"
NN6,16,R,1,1e-06,0.002451544710462681,0.0024515447104626813,"[63, 63, 63, 63, 63, 63, 63, 1]"
NN6,16,R,4,1e-09,0.0018974521779226159,0.0018974521779226154,"[63, 63, 63, 63, 63, 63, 63, 1]"
NN6,16,R,4,1e-08,0.0018975691779226152,0.0018975691779226154,"[63, 63, 63, 63, 63, 63, 63, 1]"
NN6,16,R,4,1e-07,0.0018987391779226156,0.0018987391779226154,"[63, 63, 63, 63, 63, 63, 63, 1]"
NN6,16,R,4,1e-06,0.0019104391779226153,0.0019104391779226155,"[63, 63, 63, 63, 63, 63, 63, 1]"
NN6,16,T,1,1e-09,0.0019789544800705243,0.0019789544800705243,"[63, 63, 63, 63, 63, 63, 63, 1]"
NN6,16,T,1,1e-08,0.0019790804800705244,0.0019790804800705244,"[63, 63, 63, 63, 63, 63, 63, 1]"
NN6,16,T,1,1e-07,0.0019803404800705247,0.0019803404800705243,"[63, 63, 63, 63, 63, 63, 63, 1]"
NN6,16,T,1,1e-06,0.0019929404800705245,0.0019929404800705245,"[63, 63, 63, 63, 63, 63, 63, 1]"
NN6,16,T,4,1e-09,0.001915400362423465,0.0019154003624234656,"[63, 63, 63, 63, 63, 63, 63, 1]"
NN6,16,T,4,1e-08,0.0019155263624234652,0.0019155263624234657,"[63, 63, 63, 63, 63, 63, 63, 1]"
NN6,16,T,4,1e-07,0.0019167863624234653,0.0019167863624234656,"[63, 63, 63, 63, 63, 63, 63, 1]"
NN6,16,T,4,1e-06,0.001929386362423465,0.0019293863624234655,"[63, 63, 63, 63, 63, 63, 63, 1]"
NN6,32,R,1,1e-09,0.00497392851438355,0.00497392851438355,"[63, 63, 63, 63, 63, 63, 63, 1]"
NN6,32,R,1,1e-08,0.004974054514383551,0.00497405451438355,"[63, 63, 63, 63, 63, 63, 63, 1]"
NN6,32,R,1,1e-07,0.004975314514383549,0.004975314514383549,"[63, 63, 63, 63, 63, 63, 63, 1]"
NN6,32,R,1,1e-06,0.004987914514383549,0.004987914514383549,"[63, 63, 63, 63, 63, 63, 63, 1]"
NN6,32,R,4,1e-09,0.0038937372759611302,0.003893737275961131,"[63, 63, 63, 63, 63, 63, 63, 1]"
NN6,32,R,4,1e-08,0.0038938542759611307,0.0038938542759611307,"[63, 63, 63, 63, 63, 63, 63, 1]"
NN6,32,R,4,1e-07,0.003895024275961131,0.003895024275961131,"[63, 63, 63, 63, 63, 63, 63, 1]"
NN6,32,R,4,1e-06,0.00390672427596113,0.003906724275961131,"[63, 63, 63, 63, 63, 63, 63, 1]"
NN6,32,T,1,1e-09,0.004029123039015703,0.004029123039015703,"[63, 63, 63, 63, 63, 63, 63, 1]"
NN6,32,T,1,1e-08,0.0040292490390157025,0.0040292490390157025,"[63, 63, 63, 63, 63, 63, 63, 1]"
NN6,32,T,1,1e-07,0.004030509039015702,0.004030509039015702,"[63, 63, 63, 63, 63, 63, 63, 1]"
NN6,32,T,1,1e-06,0.0040431090390157035,0.004043109039015702,"[63, 63, 63, 63, 63, 63, 63, 1]"
NN6,32,T,4,1e-09,0.003902014803721585,0.003902014803721585,"[63, 63, 63, 63, 63, 63, 63, 1]"
NN6,32,T,4,1e-08,0.003902140803721584,0.0039021408037215846,"[63, 63, 63, 63, 63, 63, 63, 1]"
NN6,32,T,4,1e-07,0.0039034008037215854,0.003903400803721585,"[63, 63, 63, 63, 63, 63, 63, 1]"
NN6,32,T,4,1e-06,0.003916000803721585,0.003916000803721585,"[63, 63, 63, 63, 63, 63, 63, 1]"
