tag,net,C,c,k,B,mux,P_lane_max,mu,bwd,F,P_lane_dbm,IL_window,acl,T,comp,comm,E_laser,E_tune,E_dyn,E_fab,E_leak,E_comp,E_total,max_chain,segments,relays,commF,commB,fabric_bound,T_max,T_bf,u_bf,T_ideal,E_ideal,acl_ideal,IL_ideal,P_ideal_dbm,secs
lanes,NN2,64,16,1,40000000000.0,SDM,8.0,1,R,6,3.392325353628083,13.661425483708648,"[51, 49, 63, 32, 1]",9.191412348040909e-05,8.011199203187251e-05,1.1557131448536583e-05,1.1709891346596595e-05,8.823039360000018e-07,4.021019648e-05,8.409472000000001e-05,2.7883068499016897e-06,0.00029263773999999997,0.0004323231586124982,6.0,3451.0,2807.0,8.803304301506438e-07,1.067680101838594e-05,0.0,9.209529995099733e-05,9.206294700982085e-05,63,8.459177053923263e-05,0.00040565582305952764,"[64, 49, 63, 32, 1]",32.76141276307128,22.49231263299071,0.8666729927062988
lanes,NN2,64,16,2,40000000000.0,SDM,8.0,1,R,6,3.392325353628083,13.661425483708648,"[51, 49, 63, 32, 1]",8.625882936276203e-05,8.011199203187251e-05,5.901837330889523e-06,1.1709891346596595e-05,8.823039360000018e-07,4.021019648e-05,8.409472000000001e-05,2.616747847548749e-06,0.00029263773999999997,0.0004321515996101453,6.0,3451.0,2807.0,5.01801018385938e-07,5.400036312503585e-06,0.0,8.634941759805613e-05,8.63332411274679e-05,63,8.283725176942639e-05,0.0004055625234221081,"[47, 49, 63, 32, 1]",32.76141276307128,22.49231263299071,0.3825817108154297
lanes,NN2,64,16,4,40000000000.0,SDM,8.0,1,R,6,3.392325353628083,13.661425483708648,"[51, 49, 63, 32, 1]",8.343441759805614e-05,8.011199203187251e-05,3.0774255661836403e-06,1.1709891346596595e-05,8.823039360000018e-07,4.021019648e-05,8.409472000000001e-05,2.531066492254631e-06,0.00029263773999999997,0.0004320659182548512,6.0,3451.0,2807.0,3.1415395956240855e-07,2.7632716066212317e-06,0.0,8.347971171570321e-05,8.34732411274679e-05,63,8.263690131241415e-05,0.0004055564455906442,"[47, 49, 63, 32, 1]",32.76141276307128,22.49231263299071,0.3762533664703369
lanes,NN2,64,16,10,40000000000.0,SDM,8.0,1,R,6,3.392325353628083,13.661425483708648,"[64, 49, 63, 32, 1]",8.267349893261138e-05,8.011199203187251e-05,2.3165069007388793e-06,1.1898300675018792e-05,8.964999936000012e-07,4.0810176000000005e-05,8.409472000000001e-05,2.507983263619699e-06,0.00029263773999999997,0.00043284541993223846,6.0,3646.0,2976.0,2.0091866544476147e-07,2.1155882352941177e-06,4.0,8.267349893261138e-05,8.267349893261138e-05,64,8.261169791422546e-05,0.00040555568102035674,"[47, 49, 63, 32, 1]",32.76141276307128,22.49231263299071,0.3958775997161865
lanes,NN2,64,16,1,40000000000.0,SDM,8.0,1,T,6,3.392325353628083,13.661425483708648,"[64, 49, 63, 32, 1]",8.485766845505234e-05,8.315288994769223e-05,1.459778507360111e-06,1.4655301273117707e-06,1.1042314239999983e-07,1.0023924479999984e-05,9.358912e-06,2.574242230252468e-06,0.00036662558,0.0003901586119799642,6.0,3646.0,2976.0,8.544480772094674e-07,6.053304301506438e-07,0.0,8.485766845505234e-05,8.485766845505234e-05,64,8.371472727858176e-05,0.0003858359109663264,"[47, 49, 63, 32, 1]",32.76141276307128,22.49231263299071,0.3544588088989258
lanes,NN2,64,16,2,40000000000.0,SDM,8.0,1,T,6,3.392325353628083,13.661425483708648,"[64, 49, 63, 32, 1]",8.425266845505233e-05,8.315288994769223e-05,8.547785073601112e-07,1.4655301273117707e-06,1.1042314239999983e-07,1.0023924479999984e-05,9.358912e-06,2.5558889502524674e-06,0.00036662558,0.0003901402586999642,6.0,3646.0,2976.0,4.888598419153498e-07,3.6591866544476145e-07,0.0,8.425266845505233e-05,8.425266845505233e-05,64,8.365485869590008e-05,0.00038583409479300216,"[47, 49, 63, 32, 1]",32.76141276307128,22.49231263299071,0.3609354496002197
lanes,NN2,64,16,4,40000000000.0,SDM,8.0,1,T,6,3.392325353628083,13.661425483708648,"[64, 49, 63, 32, 1]",8.395178610211116e-05,8.315288994769223e-05,5.538961544189347e-07,1.4655301273117707e-06,1.1042314239999983e-07,1.0023924479999984e-05,9.358912e-06,2.546761383193644e-06,0.00036662558,0.00039013113113290537,6.0,3646.0,2976.0,3.0768337132711445e-07,2.4621278309182024e-07,0.0,8.395178610211116e-05,8.395178610211116e-05,64,8.363912275764563e-05,0.00038583361742757926,"[47, 49, 63, 32, 1]",32.76141276307128,22.49231263299071,0.3546321392059326
lanes,NN2,64,16,10,40000000000.0,SDM,8.0,1,T,6,3.392325353628083,13.661425483708648,"[64, 49, 63, 32, 1]",8.377384492564057e-05,8.315288994769223e-05,3.759549779483465e-07,1.4655301273117707e-06,1.1042314239999983e-07,1.0023924479999984e-05,9.358912e-06,2.5413633596642323e-06,0.00036662558,0.000390125733109376,6.0,3646.0,2976.0,2.0091866544476147e-07,1.75036312503585e-07,0.0,8.377384492564057e-05,8.377384492564057e-05,64,8.3635887463528e-05,0.00038583351928169694,"[47, 49, 63, 32, 1]",32.76141276307128,22.49231263299071,0.35271716117858887
lanes,NN2,64,16,1,40000000000.0,SDM,8.0,8,R,6,3.392325353628083,13.661425483708648,"[51, 49, 63, 32, 1]",0.0003138343168246791,0.0002211430677290837,9.073124909559541e-05,9.367913077277276e-05,7.058431488000014e-06,0.00032168157184,0.0006727577600000001,9.520477835193465e-06,0.0018308307599999999,0.0029355281319359662,6.0,3451.0,2807.0,6.179742194856525e-06,8.455150690073888e-05,0.0,0.000315283728589385,0.0003150249050599732,63,0.000256428601557423,0.002722225034924442,"[64, 49, 63, 32, 1]",32.76141276307128,22.49231263299071,0.3691120147705078
lanes,NN2,64,16,2,40000000000.0,SDM,8.0,8,R,6,3.392325353628083,13.661425483708648,"[51, 49, 63, 32, 1]",0.0002685919638835026,0.0002211430677290837,4.548889615441893e-05,9.367913077277276e-05,7.058431488000014e-06,0.00032168157184,0.0006727577600000001,8.148005816369935e-06,0.0018308307599999999,0.0029341556599171426,6.0,3451.0,2807.0,3.151506900738878e-06,4.2337389253680054e-05,0.0,0.00026931666976585554,0.0002691872580011497,63,0.00024281356524491943,0.002721491412734716,"[47, 49, 63, 32, 1]",32.76141276307128,22.49231263299071,0.35809850692749023
lanes,NN2,64,16,4,40000000000.0,SDM,8.0,8,R,6,3.392325353628083,13.661425483708648,"[51, 49, 63, 32, 1]",0.00024597078741291436,0.0002211430677290837,2.2867719683830698e-05,9.367913077277276e-05,7.058431488000014e-06,0.00032168157184,0.0006727577600000001,7.46176980695817e-06,0.0018308307599999999,0.002933469423907731,6.0,3451.0,2807.0,1.6373892536800555e-06,2.1230330430150643e-05,0.0,0.0002463331403540908,0.0002462684344717379,63,0.00024124768289197825,0.0027214439101276573,"[47, 49, 63, 32, 1]",32.76141276307128,22.49231263299071,0.3541891574859619
lanes,NN2,64,16,10,40000000000.0,SDM,8.0,8,R,6,3.392325353628083,13.661425483708648,"[47, 49, 63, 32, 1]",0.0002411407147879072,0.0002211430677290837,1.803764705882353e-05,9.356060621008577e-05,7.049501030400013e-06,0.00032130686976,0.0006727577600000001,7.315244723805952e-06,0.0018308307599999999,0.0029328207417242914,6.0,3379.0,2743.0,1.1129411764705883e-06,1.692470588235294e-05,8.0,0.0002411407147879072,0.0002411407147879072,63,0.0002411407147879072,0.0027214406651432524,"[47, 49, 63, 32, 1]",32.76141276307128,22.49231263299071,0.37348413467407227
lanes,NN2,64,16,1,40000000000.0,SDM,8.0,8,T,6,3.392325353628083,13.661425483708648,"[64, 49, 63, 32, 1]",0.00024202916410319205,0.00023011673853700842,9.952425566183637e-06,1.1724241018494166e-05,8.833851391999986e-07,8.019139583999988e-05,7.4871296e-05,7.342196722234434e-06,0.00207763348,0.0022526459947199286,6.0,3646.0,2976.0,5.9726833713271135e-06,3.9797421948565245e-06,0.0,0.00024202916410319205,0.00024202916410319205,64,0.00023414591316756915,0.0022181026184186783,"[47, 49, 63, 32, 1]",32.76141276307128,22.49231263299071,0.3585531711578369
lanes,NN2,64,16,2,40000000000.0,SDM,8.0,8,T,6,3.392325353628083,13.661425483708648,"[64, 49, 63, 32, 1]",0.00023717622292672146,0.00023011673853700842,5.099484389713051e-06,1.1724241018494166e-05,8.833851391999986e-07,8.019139583999988e-05,7.4871296e-05,7.194977898705022e-06,0.00207763348,0.002252498775896399,6.0,3646.0,2976.0,3.0479774889741725e-06,2.051506900738879e-06,0.0,0.00023717622292672146,0.00023717622292672146,64,0.00023393782428813824,0.0022180963058344317,"[47, 49, 63, 32, 1]",32.76141276307128,22.49231263299071,0.3664059638977051
lanes,NN2,64,16,4,40000000000.0,SDM,8.0,8,T,6,3.392325353628083,13.661425483708648,"[64, 49, 63, 32, 1]",0.00023474975233848616,0.00023011673853700842,2.673013801477758e-06,1.1724241018494166e-05,8.833851391999986e-07,8.019139583999988e-05,7.4871296e-05,7.121368486940315e-06,0.00207763348,0.0022524251664846344,6.0,3646.0,2976.0,1.5856245477977027e-06,1.0873892536800555e-06,0.0,0.00023474975233848616,0.00023474975233848616,64,0.00023390547134696178,0.002218095324375608,"[47, 49, 63, 32, 1]",32.76141276307128,22.49231263299071,0.3554515838623047
lanes,NN2,64,16,10,40000000000.0,SDM,8.0,8,T,6,3.392325353628083,13.661425483708648,"[47, 49, 63, 32, 1]",0.00023391512153408638,0.00023011673853700842,1.8383829970779712e-06,1.1513282205661402e-05,8.674900480000045e-07,7.745569791999989e-05,7.145932800000001e-05,7.096049126858044e-06,0.00207763348,0.002246025327300519,6.0,3379.0,2743.0,1.1129411764705883e-06,7.254418206073828e-07,6.0,0.00023391512153408638,0.00023391512153408638,63,0.0002338860595822559,0.002218094735500314,"[47, 49, 63, 32, 1]",32.76141276307128,22.49231263299071,0.3532989025115967
lanes,NN2,64,16,1,40000000000.0,SDM,8.0,32,R,6,3.392325353628083,13.661425483708648,"[51, 49, 63, 32, 1]",0.0010739914225195465,0.0007039660557768924,0.0003621853667426542,0.00037471652309109104,2.8233725952000057e-05,0.00128672628736,0.0026910310400000003,3.258060379355296e-05,0.0071046354,0.011517923580196644,6.0,3451.0,2807.0,2.4349153959562405e-05,0.0003378362127830918,0.0,0.0010797890695783702,0.001078753775460723,63,0.0008449327660758198,0.01066472830786206,"[64, 49, 63, 32, 1]",32.76141276307128,22.49231263299071,0.3776671886444092
lanes,NN2,64,16,2,40000000000.0,SDM,8.0,32,R,6,3.392325353628083,13.661425483708648,"[51, 49, 63, 32, 1]",0.0008930220107548407,0.0007039660557768924,0.00018121595497794834,0.00037471652309109104,2.8233725952000057e-05,0.00128672628736,0.0026910310400000003,2.7090715718258846e-05,0.0071046354,0.011512433692121349,6.0,3451.0,2807.0,1.223621278309182e-05,0.00016897974219485653,0.0,0.0008959208342842525,0.0008954031872254289,63,0.0007906130238809633,0.01066179807837024,"[47, 49, 63, 32, 1]",32.76141276307128,22.49231263299071,0.37419724464416504
lanes,NN2,64,16,4,40000000000.0,SDM,8.0,32,R,6,3.392325353628083,13.661425483708648,"[51, 49, 63, 32, 1]",0.0008025373048724878,0.0007039660557768924,9.073124909559541e-05,0.00037471652309109104,2.8233725952000057e-05,0.00128672628736,0.0026910310400000003,2.4345771680611787e-05,0.0071046354,0.011509688748083703,6.0,3451.0,2807.0,6.179742194856525e-06,8.455150690073888e-05,0.0,0.0008039867166371936,0.0008037278931077819,63,0.0007843494944691986,0.010661608067942004,"[47, 49, 63, 32, 1]",32.76141276307128,22.49231263299071,0.37409353256225586
lanes,NN2,64,16,10,40000000000.0,SDM,8.0,32,R,6,3.392325353628083,13.661425483708648,"[47, 49, 63, 32, 1]",0.0007839566440121865,0.0007039660557768924,7.215058823529413e-05,0.0003742424248403431,2.819800412160005e-05,0.00128522747904,0.0026910310400000003,2.378210875275369e-05,0.0071046354,0.011507116456754696,6.0,3379.0,2743.0,4.451764705882353e-06,6.769882352941177e-05,8.0,0.0007839566440121865,0.0007839566440121865,63,0.0007839566440121864,0.01066159615043054,"[47, 49, 63, 32, 1]",32.76141276307128,22.49231263299071,0.36835598945617676
lanes,NN2,64,16,1,40000000000.0,SDM,8.0,32,T,6,3.392325353628083,13.661425483708648,"[64, 49, 63, 32, 1]",0.0007791493864174565,0.0007322393137924494,3.907007262500717e-05,4.689696407397666e-05,3.5335405567999945e-06,0.0003207655833599995,0.000299485184,2.363627578635996e-05,0.00794394628,0.008638263827777135,6.0,3646.0,2976.0,2.352091866544476e-05,1.5549153959562408e-05,0.0,0.0007791493864174565,0.0007791493864174565,64,0.0007482508413641865,0.00850010956951093,"[47, 49, 63, 32, 1]",32.76141276307128,22.49231263299071,0.35898590087890625
lanes,NN2,64,16,2,40000000000.0,SDM,8.0,32,T,6,3.392325353628083,13.661425483708648,"[64, 49, 63, 32, 1]",0.0007597376217115742,0.0007322393137924494,1.9658307919124816e-05,4.689696407397666e-05,3.5335405567999945e-06,0.0003207655833599995,0.000299485184,2.3047400492242314e-05,0.00794394628,0.008637674952483018,6.0,3646.0,2976.0,1.1822095136032996e-05,7.836212783091818e-06,0.0,0.0007597376217115742,0.0007597376217115742,64,0.0007474886348376968,0.008500086447213742,"[47, 49, 63, 32, 1]",32.76141276307128,22.49231263299071,0.3878762722015381
lanes,NN2,64,16,4,40000000000.0,SDM,8.0,32,T,6,3.392325353628083,13.661425483708648,"[64, 49, 63, 32, 1]",0.000750031739358633,0.0007322393137924494,9.952425566183637e-06,4.689696407397666e-05,3.5335405567999945e-06,0.0003207655833599995,0.000299485184,2.2752962845183488e-05,0.00794394628,0.008637380514835959,6.0,3646.0,2976.0,5.9726833713271135e-06,3.9797421948565245e-06,0.0,0.000750031739358633,0.000750031739358633,64,0.0007473592230729909,0.008500082521378448,"[47, 49, 63, 32, 1]",32.76141276307128,22.49231263299071,0.35608696937561035
lanes,NN2,64,16,10,40000000000.0,SDM,8.0,32,T,6,3.392325353628083,13.661425483708648,"[47, 49, 63, 32, 1]",0.0007473006936612262,0.0007322393137924494,7.2213798687769285e-06,4.6053128822645606e-05,3.469960192000018e-06,0.00030982279167999957,0.00028583731200000005,2.267011384290696e-05,0.00794394628,0.008611799586537551,6.0,3379.0,2743.0,4.451764705882353e-06,2.7696151628945755e-06,7.0,0.0007473006936612262,0.0007473006936612262,63,0.0007472815760141674,0.008500080165877272,"[47, 49, 63, 32, 1]",32.76141276307128,22.49231263299071,0.3504624366760254
lanes,NN4,64,16,1,40000000000.0,SDM,8.0,1,R,6,3.392325353628083,13.661425483708648,"[64, 63, 52, 48, 63, 32, 1]",0.000165579176979203,0.000139877856546874,2.5456320432328984e-05,3.16444741827296e-05,2.3843128256000005e-06,0.0001086302796799999,0.00022582272,5.023009912841102e-06,0.00102154774,0.0013950525366011705,6.0,6300.0,5174.0,1.718454333811552e-06,2.3737866098517432e-05,0.0,0.00016583800050861476,0.00016583800050861476,63,0.00014859061189907152,0.0013441898170410763,"[64, 63, 64, 49, 63, 32, 1]",32.76141276307128,22.49231263299071,0.617565393447876
lanes,NN4,64,16,2,40000000000.0,SDM,8.0,1,R,6,3.392325353628083,13.661425483708648,"[64, 63, 52, 48, 63, 32, 1]",0.00015303594168508537,0.000139877856546874,1.2913085138211337e-05,3.16444741827296e-05,2.3843128256000005e-06,0.0001086302796799999,0.00022582272,4.642498326958749e-06,0.00102154774,0.0013946720250152882,6.0,6300.0,5174.0,9.516896279291988e-07,1.196139551028214e-05,0.0,0.00015316535344979125,0.00015316535344979125,63,0.0001454156162844279,0.0013145176745237462,"[53, 63, 47, 49, 63, 32, 1]",32.76141276307128,22.49231263299071,0.6684823036193848
lanes,NN4,64,16,4,40000000000.0,SDM,8.0,1,R,6,3.392325353628083,13.661425483708648,"[64, 64, 52, 48, 63, 32, 1]",0.000146769176979203,0.000139877856546874,6.646320432328986e-06,3.182235420644769e-05,2.3977155328e-06,0.0001092457676799999,0.00022718272,4.452389752841102e-06,0.00102194774,0.0013970486871720887,6.0,6326.0,5196.0,5.69924922046846e-07,6.07639551028214e-06,0.0,0.00014683388286155597,0.00014683388286155597,64,0.0001452152658274157,0.001283238847623977,"[53, 63, 47, 25, 63, 32, 1]",32.76141276307128,22.49231263299071,0.7015664577484131
lanes,NN4,64,16,10,40000000000.0,SDM,8.0,1,R,6,3.392325353628083,13.661425483708648,"[53, 63, 64, 49, 63, 32, 1]",0.00014525186344761288,0.000139877856546874,5.129006900738878e-06,3.3707472467233835e-05,2.5397533376000037e-06,0.0001157014963199999,0.00023969472,4.4063605295467845e-06,0.00102562774,0.0014216775426543805,6.0,6530.0,5374.0,3.6635984191534966e-07,4.762647058823529e-06,8.0,0.00014525186344761288,0.00014525186344761288,64,0.000145190062429227,0.0012832380830536897,"[53, 63, 47, 25, 63, 32, 1]",32.76141276307128,22.49231263299071,0.7059924602508545
lanes,NN4,64,16,1,40000000000.0,SDM,8.0,1,T,6,3.392325353628083,13.661425483708648,"[64, 63, 64, 49, 63, 32, 1]",0.00015716762269165724,0.00015399365520050472,2.928967491152516e-06,3.7007244745876232e-06,2.788380927999977e-07,2.6731075839999915e-05,2.5870912e-05,4.7678370019741135e-06,0.00137398058,0.0014353299674093615,6.0,6692.0,5514.0,1.6666896279291992e-06,1.2622778632233167e-06,0.0,0.00015716762269165724,0.00015716762269165724,64,0.00015485793683616588,0.001422515852439378,"[53, 63, 47, 49, 63, 32, 1]",32.76141276307128,22.49231263299071,0.6159985065460205
lanes,NN4,64,16,2,40000000000.0,SDM,8.0,1,T,6,3.392325353628083,13.661425483708648,"[64, 63, 64, 49, 63, 32, 1]",0.00015588968151518666,0.00015399365520050472,1.651026314681927e-06,3.7007244745876232e-06,2.788380927999977e-07,2.6731075839999915e-05,2.5870912e-05,4.729069378444702e-06,0.00137398058,0.0014352911997858322,6.0,6692.0,5514.0,9.258072749880224e-07,7.252190396939047e-07,0.0,0.00015588968151518666,0.00015588968151518666,64,0.00015478974159577138,0.0014225137836685654,"[53, 63, 47, 49, 63, 32, 1]",32.76141276307128,22.49231263299071,0.6377933025360107
lanes,NN4,64,16,4,40000000000.0,SDM,8.0,1,T,6,3.392325353628083,13.661425483708648,"[64, 63, 64, 49, 63, 32, 1]",0.0001552523285740102,0.00015399365520050472,1.0136733735054565e-06,3.7007244745876232e-06,2.788380927999977e-07,2.6731075839999915e-05,2.5870912e-05,4.709734639621172e-06,0.00137398058,0.0014352718650470088,6.0,6692.0,5514.0,5.569837455762577e-07,4.5668962792919887e-07,0.0,0.0001552523285740102,0.0001552523285740102,64,0.00015477400565751693,0.0014191333027813676,"[53, 63, 47, 25, 63, 32, 1]",32.76141276307128,22.49231263299071,0.6358311176300049
lanes,NN4,64,16,10,40000000000.0,SDM,8.0,1,T,6,3.392325353628083,13.661425483708648,"[53, 63, 64, 49, 63, 32, 1]",0.00015491352507145998,0.00015399365520050472,6.74869870955271e-07,3.6779886308017597e-06,2.7712501759999946e-07,2.6230483199999918e-05,2.5166912e-05,4.6994566965678095e-06,0.00137398058,0.0014340325455449695,6.0,6530.0,5374.0,3.6635984191534966e-07,3.0851002903992135e-07,3.0,0.00015491352507145998,0.00015491352507145998,64,0.00015477077036339928,0.0014191332046354851,"[53, 63, 47, 25, 63, 32, 1]",32.76141276307128,22.49231263299071,0.6855196952819824
lanes,NN4,64,16,1,40000000000.0,SDM,8.0,8,R,6,3.392325353628083,13.661425483708648,"[64, 63, 51, 49, 63, 32, 1]",0.0006585714813162101,0.0004553428079427047,0.00020126867337350545,0.00025293514396148876,1.9057877350400007e-05,0.0008682594713599992,0.00180440576,1.9978424457208548e-05,0.00643108076,0.009395717437129096,6.0,6302.0,5176.0,1.224610139263508e-05,0.00018902257198087036,0.0,0.0006604350107279748,0.0006604350107279748,63,0.0005243282303805872,0.008992702239104873,"[64, 63, 64, 49, 63, 32, 1]",32.76141276307128,22.49231263299071,0.6941003799438477
lanes,NN4,64,16,2,40000000000.0,SDM,8.0,8,R,6,3.392325353628083,13.661425483708648,"[64, 63, 51, 49, 63, 32, 1]",0.0005581220695515043,0.0004553428079427047,0.00010081926160879958,0.00025293514396148876,1.9057877350400007e-05,0.0008682594713599992,0.00180440576,1.6931191101914432e-05,0.00643108076,0.009392670203773802,6.0,6302.0,5176.0,6.215513157340963e-06,9.460374845145861e-05,0.0,0.0005590538342573866,0.0005590538342573866,63,0.0004995133054585403,0.008755342846739525,"[53, 63, 47, 49, 63, 32, 1]",32.76141276307128,22.49231263299071,0.6587810516357422
lanes,NN4,64,16,4,40000000000.0,SDM,8.0,8,R,6,3.392325353628083,13.661425483708648,"[64, 63, 51, 49, 63, 32, 1]",0.0005078973636691513,0.0004553428079427047,5.059455572644663e-05,0.00025293514396148876,1.9057877350400007e-05,0.0008682594713599992,0.00180440576,1.5407574424267372e-05,0.00643108076,0.009391146587096156,6.0,6302.0,5176.0,3.200219039693904e-06,4.7394336686752724e-05,0.0,0.0005083632460220925,0.0005083632460220925,63,0.0004979474231055992,0.008755295344132465,"[53, 63, 47, 49, 63, 32, 1]",32.76141276307128,22.49231263299071,0.6467180252075195
lanes,NN4,64,16,10,40000000000.0,SDM,8.0,8,R,6,3.392325353628083,13.661425483708648,"[53, 63, 47, 49, 63, 32, 1]",0.0004978404550015283,0.0004553428079427047,4.053764705882352e-05,0.0002478475330159632,1.8674541670400043e-05,0.0008508057599999995,0.0017695897600000002,1.510248804292636e-05,0.006420840759999999,0.009322860842729288,6.0,5996.0,4908.0,2.436470588235294e-06,3.810117647058823e-05,12.0,0.0004978404550015283,0.0004978404550015283,63,0.0004978404550015281,0.008755292099148061,"[53, 63, 47, 49, 63, 32, 1]",32.76141276307128,22.49231263299071,0.7094988822937012
lanes,NN4,64,16,1,40000000000.0,SDM,8.0,8,T,6,3.392325353628083,13.661425483708648,"[64, 63, 64, 49, 63, 32, 1]",0.0005177123735111586,0.0004949095824905943,2.0842791020564278e-05,2.9605795796700986e-05,2.230704742399982e-06,0.00021384860671999932,0.000206967296,1.5705322562834505e-05,0.00778608348,0.008254441205821935,6.0,6692.0,5514.0,1.2039042569105668e-05,8.80374845145861e-06,0.0,0.0005177123735111586,0.0005177123735111586,64,0.0005012916982976256,0.008151990681499686,"[53, 63, 47, 49, 63, 32, 1]",32.76141276307128,22.49231263299071,0.6624596118927002
lanes,NN4,64,16,2,40000000000.0,SDM,8.0,8,T,6,3.392325353628083,13.661425483708648,"[64, 63, 64, 49, 63, 32, 1]",0.0005074759029229232,0.0004949095824905943,1.0606320432328986e-05,2.9605795796700986e-05,2.230704742399982e-06,0.00021384860671999932,0.000206967296,1.53947889910698e-05,0.00778608348,0.00825413067225017,6.0,6692.0,5514.0,6.111983745576258e-06,4.494336686752728e-06,0.0,0.0005074759029229232,0.0005074759029229232,64,0.0005010836094181947,0.00815198436891544,"[53, 63, 47, 49, 63, 32, 1]",32.76141276307128,22.49231263299071,0.6705715656280518
lanes,NN4,64,16,4,40000000000.0,SDM,8.0,8,T,6,3.392325353628083,13.661425483708648,"[64, 63, 64, 49, 63, 32, 1]",0.0005023576676288056,0.0004949095824905943,5.488085138211338e-06,2.9605795796700986e-05,2.230704742399982e-06,0.00021384860671999932,0.000206967296,1.5239522205187445e-05,0.00778608348,0.008253975405464287,6.0,6692.0,5514.0,3.148454333811551e-06,2.339630804399787e-06,0.0,0.0005023576676288056,0.0005023576676288056,64,0.0005010512564770182,0.008151983387456617,"[53, 63, 47, 49, 63, 32, 1]",32.76141276307128,22.49231263299071,0.6258072853088379
lanes,NN4,64,16,10,40000000000.0,SDM,8.0,8,T,6,3.392325353628083,13.661425483708648,"[53, 63, 47, 49, 63, 32, 1]",0.0005010609066641429,0.0004949095824905943,4.191324173548559e-06,2.8834267982983967e-05,2.1725725184000077e-06,0.00020060685311999946,0.00018921932799999998,1.5200183664563437e-05,0.00778608348,0.008222116685285948,6.0,5996.0,4908.0,2.436470588235294e-06,1.754853585313265e-06,10.0,0.0005010609066641429,0.0005010609066641429,63,0.0005010318447123123,0.008151982798581323,"[53, 63, 47, 49, 63, 32, 1]",32.76141276307128,22.49231263299071,0.6090636253356934
lanes,NN4,64,16,1,40000000000.0,SDM,8.0,32,R,6,3.392325353628083,13.661425483708648,"[64, 63, 51, 49, 63, 32, 1]",0.002425099458530546,0.001613294314568805,0.0008039651439617408,0.001011740575845955,7.623150940160003e-05,0.003473037885439997,0.00721762304,7.356781717398264e-05,0.024978325399999998,0.03683052622786153,6.0,6302.0,5176.0,4.8429630804399783e-05,0.0007555355131573409,0.0,0.0024325535761776044,0.0024325535761776044,63,0.0018889903252419821,0.03521849164213873,"[64, 63, 64, 49, 63, 32, 1]",32.76141276307128,22.49231263299071,0.704815149307251
lanes,NN4,64,16,2,40000000000.0,SDM,8.0,32,R,6,3.392325353628083,13.661425483708648,"[64, 63, 51, 49, 63, 32, 1]",0.002023301811471722,0.001613294314568805,0.0004021674969029172,0.001011740575845955,7.623150940160003e-05,0.003473037885439997,0.00721762304,6.137888375280616e-05,0.024978325399999998,0.036818337294440354,6.0,6302.0,5176.0,2.4307277863223315e-05,0.00037786021903969387,0.0,0.002027028870295252,0.002027028870295252,63,0.0017899412826728764,0.0342690604631717,"[53, 63, 47, 49, 63, 32, 1]",32.76141276307128,22.49231263299071,0.6992824077606201
lanes,NN4,64,16,4,40000000000.0,SDM,8.0,32,R,6,3.392325353628083,13.661425483708648,"[64, 63, 51, 49, 63, 32, 1]",0.0018224029879423103,0.001613294314568805,0.00020126867337350545,0.001011740575845955,7.623150940160003e-05,0.003473037885439997,0.00721762304,5.528441704221792e-05,0.024978325399999998,0.03681224282772977,6.0,6302.0,5176.0,1.224610139263508e-05,0.00018902257198087036,0.0,0.0018242665173540753,0.0018242665173540751,63,0.0017836777532611117,0.03426887045274347,"[53, 63, 47, 49, 63, 32, 1]",32.76141276307128,22.49231263299071,0.6607849597930908
lanes,NN4,64,16,10,40000000000.0,SDM,8.0,32,R,6,3.392325353628083,13.661425483708648,"[53, 63, 47, 49, 63, 32, 1]",0.001783284902804099,0.001613294314568805,0.0001621505882352941,0.0009913901320638529,7.469816668160017e-05,0.003403223039999998,0.007078359040000001,5.4097730811465144e-05,0.024937365399999998,0.03653913350955691,6.0,5996.0,4908.0,9.745882352941175e-06,0.00015240470588235292,12.0,0.001783284902804099,0.001783284902804099,63,0.0017832849028040995,0.034268858535232004,"[53, 63, 47, 49, 63, 32, 1]",32.76141276307128,22.49231263299071,0.6620962619781494
lanes,NN4,64,16,1,40000000000.0,SDM,8.0,32,T,6,3.392325353628083,13.661425483708648,"[64, 63, 64, 49, 63, 32, 1]",0.0018389703955358173,0.0017488687809858413,8.226161454997604e-05,0.00011842318318680394,8.922818969599927e-06,0.0008553944268799973,0.000827869184,5.578700591897455e-05,0.02977043628,0.03163683289895537,6.0,6692.0,5514.0,4.760139551028214e-05,3.4660219039693905e-05,0.0,0.0018389703955358173,0.0018389703955358173,64,0.001774292073263461,0.03122706127049504,"[53, 63, 47, 49, 63, 32, 1]",32.76141276307128,22.49231263299071,0.6320116519927979
lanes,NN4,64,16,2,40000000000.0,SDM,8.0,32,T,6,3.392325353628083,13.661425483708648,"[64, 63, 64, 49, 63, 32, 1]",0.0017980245131828762,0.0017488687809858413,4.131573219703487e-05,0.00011842318318680394,8.922818969599927e-06,0.0008553944268799973,0.000827869184,5.454487163191573e-05,0.02977043628,0.03163559076466832,6.0,6692.0,5514.0,2.3893160216164493e-05,1.7422571980870376e-05,0.0,0.0017980245131828762,0.0017980245131828762,64,0.0017735298667369713,0.031227038148197852,"[53, 63, 47, 49, 63, 32, 1]",32.76141276307128,22.49231263299071,0.6806728839874268
lanes,NN4,64,16,4,40000000000.0,SDM,8.0,32,T,6,3.392325353628083,13.661425483708648,"[64, 63, 64, 49, 63, 32, 1]",0.0017775515720064056,0.0017488687809858413,2.0842791020564278e-05,0.00011842318318680394,8.922818969599927e-06,0.0008553944268799973,0.000827869184,5.392380448838632e-05,0.02977043628,0.03163496969752479,6.0,6692.0,5514.0,1.2039042569105668e-05,8.80374845145861e-06,0.0,0.0017775515720064056,0.0017775515720064056,64,0.0017734004549722654,0.031227034222362556,"[53, 63, 47, 49, 63, 32, 1]",32.76141276307128,22.49231263299071,0.6421074867248535
lanes,NN4,64,16,10,40000000000.0,SDM,8.0,32,T,6,3.392325353628083,13.661425483708648,"[53, 63, 47, 49, 63, 32, 1]",0.0017733419255605007,0.0017488687809858413,1.663314457465928e-05,0.00011533707193193587,8.690290073600031e-06,0.0008024274124799978,0.0007568773119999999,5.379610065380335e-05,0.02977043628,0.031507564467139336,6.0,5996.0,4908.0,9.745882352941175e-06,6.8872622217181045e-06,11.0,0.0017733419255605007,0.0017733419255605007,63,0.0017733228079134418,0.03122703186686138,"[53, 63, 47, 49, 63, 32, 1]",32.76141276307128,22.49231263299071,0.6789100170135498
lanes,NN6,64,16,1,40000000000.0,SDM,8.0,1,R,6,3.392325353628083,13.661425483708648,"[63, 63, 63, 63, 63, 63, 63, 1]",0.000288795102619744,0.00024218,4.6295102619744004e-05,7.28551478180493e-05,5.4894090623999964e-06,0.00025000900607999934,0.0005136320000000001,8.760888233072552e-06,0.0023207406999999998,0.003171487151193521,6.0,9269.0,7693.0,3.166374839283766e-06,4.312872778046024e-05,0.0,0.000288795102619744,0.000288795102619744,63,0.00025901944304771633,0.0030022357743764803,"[63, 63, 63, 63, 63, 63, 63, 1]",32.76141276307128,22.49231263299071,1.0446350574493408
lanes,NN6,64,16,2,40000000000.0,SDM,8.0,1,R,6,3.392325353628083,13.661425483708648,"[63, 63, 63, 63, 63, 63, 63, 1]",0.00026586333791386163,0.00024218,2.3363337913861653e-05,7.28551478180493e-05,5.4894090623999964e-06,0.00025000900607999934,0.0005136320000000001,8.065230218954906e-06,0.0023207406999999998,0.0031707914931794036,6.0,9269.0,7693.0,1.6910807216367075e-06,2.1672257192224944e-05,0.0,0.00026586333791386163,0.00026586333791386163,63,0.0002536902384224187,0.003002074107624967,"[63, 63, 63, 63, 63, 63, 63, 1]",32.76141276307128,22.49231263299071,0.9843504428863525
lanes,NN6,64,16,4,40000000000.0,SDM,8.0,1,R,6,3.392325353628083,13.661425483708648,"[63, 63, 63, 63, 63, 63, 63, 1]",0.0002550089818443841,0.00024218,1.2508981844384138e-05,7.28551478180493e-05,5.4894090623999964e-06,0.00025000900607999934,0.0005136320000000001,7.735952473231235e-06,0.0023207406999999998,0.0031704622154336798,6.0,9269.0,7693.0,9.534336628131783e-07,1.155554818157096e-05,1.0,0.0002550089818443841,0.0002550089818443841,63,0.00025349264705882353,0.003002068113493361,"[63, 63, 63, 63, 63, 63, 63, 1]",32.76141276307128,22.49231263299071,1.052110195159912
lanes,NN6,64,16,10,40000000000.0,SDM,8.0,1,R,6,3.392325353628083,13.661425483708648,"[63, 63, 63, 63, 63, 63, 63, 1]",0.0002535233623260796,0.00024218,1.1023362326079597e-05,7.28551478180493e-05,5.4894090623999964e-06,0.00025000900607999934,0.0005136320000000001,7.69088471952395e-06,0.0023207406999999998,0.0031704171476799724,6.0,9269.0,7693.0,7.292446790207737e-07,1.0294117647058823e-05,11.0,0.0002535233623260796,0.0002535233623260796,63,0.00025349264705882353,0.003002068113493361,"[63, 63, 63, 63, 63, 63, 63, 1]",32.76141276307128,22.49231263299071,0.9975874423980713
lanes,NN6,64,16,1,40000000000.0,SDM,8.0,1,T,6,3.392325353628083,13.661425483708648,"[63, 63, 63, 63, 63, 63, 63, 1]",0.0002802055996785675,0.00027415784999999994,5.727749678567532e-06,8.67074265430247e-06,6.533135231999967e-07,6.329018623999971e-05,6.171648e-05,8.500317071849023e-06,0.0031318907,0.0032747217394893512,6.0,9269.0,7693.0,3.166374839283766e-06,2.5613748392837663e-06,0.0,0.0002802055996785675,0.0002802055996785675,63,0.00027576069542751896,0.003253775587646204,"[63, 63, 63, 63, 63, 63, 63, 1]",32.76141276307128,22.49231263299071,0.8457202911376953
lanes,NN6,64,16,2,40000000000.0,SDM,8.0,1,T,6,3.392325353628083,13.661425483708648,"[63, 63, 63, 63, 63, 63, 63, 1]",0.00027755912909033215,0.00027415784999999994,3.0812790903322387e-06,8.67074265430247e-06,6.533135231999967e-07,6.329018623999971e-05,6.171648e-05,8.420033740084315e-06,0.0031318907,0.0032746414561575865,6.0,9269.0,7693.0,1.6910807216367075e-06,1.3901983686955312e-06,0.0,0.00027755912909033215,0.00027755912909033215,63,0.0002757492648930069,0.003253775240889509,"[63, 63, 63, 63, 63, 63, 63, 1]",32.76141276307128,22.49231263299071,0.9391355514526367
lanes,NN6,64,16,4,40000000000.0,SDM,8.0,1,T,6,3.392325353628083,13.661425483708648,"[63, 63, 63, 63, 63, 63, 63, 1]",0.0002762358937962145,0.00027415784999999994,1.7580437962145918e-06,8.67074265430247e-06,6.533135231999967e-07,6.329018623999971e-05,6.171648e-05,8.379892074201962e-06,0.0031318907,0.0032746013144917038,6.0,9269.0,7693.0,9.534336628131783e-07,8.046101334014135e-07,0.0,0.0002762358937962145,0.0002762358937962145,63,0.00027574602959888926,0.0032537751427436264,"[63, 63, 63, 63, 63, 63, 63, 1]",32.76141276307128,22.49231263299071,0.8966035842895508
lanes,NN6,64,16,10,40000000000.0,SDM,8.0,1,T,6,3.392325353628083,13.661425483708648,"[63, 63, 63, 63, 63, 63, 63, 1]",0.00027582334248634253,0.00027415784999999994,1.3454924863425898e-06,8.67074265430247e-06,6.533135231999967e-07,6.329018623999971e-05,6.171648e-05,8.367376917665686e-06,0.0031318907,0.0032745887993351677,6.0,9269.0,7693.0,7.292446790207737e-07,6.162478073218161e-07,7.0,0.00027582334248634253,0.00027582334248634253,63,0.00027574279430477163,0.003253775044597744,"[63, 63, 63, 63, 63, 63, 63, 1]",32.76141276307128,22.49231263299071,0.9355988502502441
lanes,NN6,64,16,1,40000000000.0,SDM,8.0,8,R,6,3.392325353628083,13.661425483708648,"[63, 63, 63, 63, 63, 63, 63, 1]",0.0012683764751687636,0.0008984766666666666,0.000367339808502097,0.0005828411825443944,4.391527249919997e-05,0.0020000720486399947,0.004109056000000001,3.847746875071961e-05,0.014624224199999999,0.021398586172434307,6.0,9269.0,7693.0,2.382049248634259e-05,0.0003435193160157544,0.0,0.0012683764751687636,0.0012683764751687636,63,0.0010325986297412444,0.020044648796449308,"[63, 63, 63, 63, 63, 63, 63, 1]",32.76141276307128,22.49231263299071,0.9254460334777832
lanes,NN6,64,16,2,40000000000.0,SDM,8.0,8,R,6,3.392325353628083,13.661425483708648,"[63, 63, 63, 63, 63, 63, 63, 1]",0.0010849223575217048,0.0008984766666666666,0.00018388569085503814,0.0005828411825443944,4.391527249919997e-05,0.0020000720486399947,0.004109056000000001,3.2912204637778436e-05,0.014624224199999999,0.021393020908321368,6.0,9269.0,7693.0,1.2018139545166118e-05,0.00017186755130987202,0.0,0.0010849223575217048,0.0010849223575217048,63,0.0009904766109714383,0.020043370982887908,"[63, 63, 63, 63, 63, 63, 63, 1]",32.76141276307128,22.49231263299071,0.9666469097137451
lanes,NN6,64,16,4,40000000000.0,SDM,8.0,8,R,6,3.392325353628083,13.661425483708648,"[63, 63, 63, 63, 63, 63, 63, 1]",0.0009983032955698742,0.0008984766666666666,9.726662890320768e-05,0.0005828411825443944,4.391527249919997e-05,0.0020000720486399947,0.004109056000000001,3.0284528774407703e-05,0.014624224199999999,0.021390393232457998,6.0,9269.0,7693.0,6.116963074577883e-06,9.11496658286298e-05,1.0,0.0009983032955698742,0.0009983032955698742,63,0.000988977843137255,0.02004332551626689,"[63, 63, 63, 63, 63, 63, 63, 1]",32.76141276307128,22.49231263299071,0.9948573112487793
lanes,NN6,64,16,10,40000000000.0,SDM,8.0,8,R,6,3.392325353628083,13.661425483708648,"[63, 63, 63, 63, 63, 63, 63, 1]",0.0009889778431372547,0.0008984766666666666,8.794117647058823e-05,0.0005828411825443944,4.391527249919997e-05,0.0020000720486399947,0.004109056000000001,3.0001631849411757e-05,0.014624224199999999,0.021390110335533,6.0,9269.0,7693.0,5.5882352941176466e-06,8.235294117647058e-05,14.0,0.0009889778431372547,0.0009889778431372547,63,0.000988977843137255,0.02004332551626689,"[63, 63, 63, 63, 63, 63, 63, 1]",32.76141276307128,22.49231263299071,0.9679267406463623
lanes,NN6,64,16,1,40000000000.0,SDM,8.0,8,T,6,3.392325353628083,13.661425483708648,"[63, 63, 63, 63, 63, 63, 63, 1]",0.0010484527933060184,0.0010030918083333332,4.280098497268518e-05,6.936594123441976e-05,5.226508185599974e-06,0.0005063214899199977,0.00049373184,3.180586393773137e-05,0.017747824199999998,0.018854275843277746,6.0,9269.0,7693.0,2.382049248634259e-05,1.8980492486342588e-05,0.0,0.0010484527933060184,0.0010484527933060184,63,0.001015792929108693,0.018686794583815156,"[63, 63, 63, 63, 63, 63, 63, 1]",32.76141276307128,22.49231263299071,0.8847565650939941
lanes,NN6,64,16,2,40000000000.0,SDM,8.0,8,T,6,3.392325353628083,13.661425483708648,"[63, 63, 63, 63, 63, 63, 63, 1]",0.0010272680874236655,0.0010030918083333332,2.1616279090332236e-05,6.936594123441976e-05,5.226508185599974e-06,0.0005063214899199977,0.00049373184,3.1163204700084316e-05,0.017747824199999998,0.0188536331840401,6.0,9269.0,7693.0,1.2018139545166118e-05,9.598139545166118e-06,0.0,0.0010272680874236655,0.0010272680874236655,63,0.0010157282232263402,0.018686792620897508,"[63, 63, 63, 63, 63, 63, 63, 1]",32.76141276307128,22.49231263299071,0.9046642780303955
lanes,NN6,64,16,4,40000000000.0,SDM,8.0,8,T,6,3.392325353628083,13.661425483708648,"[63, 63, 63, 63, 63, 63, 63, 1]",0.0010166757344824888,0.0010030918083333332,1.1023926149155765e-05,6.936594123441976e-05,5.226508185599974e-06,0.0005063214899199977,0.00049373184,3.084187508126078e-05,0.017747824199999998,0.018853311854421274,6.0,9269.0,7693.0,6.116963074577883e-06,4.906963074577883e-06,0.0,0.0010166757344824888,0.0010166757344824888,63,0.0010156958702851636,0.018686791639438684,"[63, 63, 63, 63, 63, 63, 63, 1]",32.76141276307128,22.49231263299071,0.8842802047729492
lanes,NN6,64,16,10,40000000000.0,SDM,8.0,8,T,6,3.392325353628083,13.661425483708648,"[63, 63, 63, 63, 63, 63, 63, 1]",0.0010156955761675165,0.0010030918083333332,1.0043767834183393e-05,6.936594123441976e-05,5.226508185599974e-06,0.0005063214899199977,0.00049373184,3.081214099861778e-05,0.017747824199999998,0.018853282120338634,6.0,9269.0,7693.0,5.5882352941176466e-06,4.455532540065747e-06,13.0,0.0010156955761675165,0.0010156955761675165,63,0.0010156764585204578,0.01868679105056339,"[63, 63, 63, 63, 63, 63, 63, 1]",32.76141276307128,22.49231263299071,0.904118537902832
lanes,NN6,64,16,1,40000000000.0,SDM,8.0,32,R,6,3.392325353628083,13.661425483708648,"[63, 63, 63, 63, 63, 63, 63, 1]",0.00497405451438355,0.0034957499999991,0.00146806451438445,0.0023313647301775775,0.00017566108999679989,0.008000288194559979,0.016436224000000003,0.00015089291774833936,0.0568075962,0.0839020271324827,6.0,9269.0,7693.0,9.46346101334014e-05,0.0013734299042510486,0.0,0.00497405451438355,0.00497405451438355,63,0.004031991963073677,0.07848630944586171,"[63, 63, 63, 63, 63, 63, 63, 1]",32.76141276307128,22.49231263299071,0.9175930023193359
lanes,NN6,64,16,2,40000000000.0,SDM,8.0,32,R,6,3.392325353628083,13.661425483708648,"[63, 63, 63, 63, 63, 63, 63, 1]",0.004240238043795314,0.0034957499999991,0.0007342480437962147,0.0023313647301775775,0.00017566108999679989,0.008000288194559979,0.016436224000000003,0.00012863186129657465,0.0568075962,0.08387976607603093,6.0,9269.0,7693.0,4.742519836869553e-05,0.0006868228454275191,0.0,0.004240238043795314,0.004240238043795314,63,0.003863714650186224,0.07848120458529796,"[63, 63, 63, 63, 63, 63, 63, 1]",32.76141276307128,22.49231263299071,0.9433727264404297
lanes,NN6,64,16,4,40000000000.0,SDM,8.0,32,R,6,3.392325353628083,13.661425483708648,"[63, 63, 63, 63, 63, 63, 63, 1]",0.0038938542759611307,0.0034957499999991,0.00038786427596203125,0.0023313647301775775,0.00017566108999679989,0.008000288194559979,0.016436224000000003,0.00011812396331555685,0.0568075962,0.08386925817804991,6.0,9269.0,7693.0,2.382049248634259e-05,0.00036404378347568866,1.0,0.0038938542759611307,0.0038938542759611307,63,0.003857754705881453,0.07848102378442753,"[63, 63, 63, 63, 63, 63, 63, 1]",32.76141276307128,22.49231263299071,1.0322473049163818
lanes,NN6,64,16,10,40000000000.0,SDM,8.0,32,R,6,3.392325353628083,13.661425483708648,"[63, 63, 63, 63, 63, 63, 63, 1]",0.003857754705881453,0.0034957499999991,0.0003517647058823529,0.0023313647301775775,0.00017566108999679989,0.008000288194559979,0.016436224000000003,0.00011702884675761974,0.0568075962,0.08386816306149197,6.0,9269.0,7693.0,2.2352941176470586e-05,0.0003294117647058823,14.0,0.003857754705881453,0.003857754705881453,63,0.003857754705881453,0.07848102378442753,"[63, 63, 63, 63, 63, 63, 63, 1]",32.76141276307128,22.49231263299071,0.9925663471221924
lanes,NN6,64,16,1,40000000000.0,SDM,8.0,32,T,6,3.392325353628083,13.661425483708648,"[63, 63, 63, 63, 63, 63, 63, 1]",0.0040292490390157025,0.0038490998187488998,0.0001699092202668028,0.00027746376493767904,2.0906032742399896e-05,0.002025285959679991,0.00197492736,0.00012223129884758035,0.0678595962,0.07228041061620764,6.0,9269.0,7693.0,9.46346101334014e-05,7.52746101334014e-05,0.0,0.0040292490390157025,0.0040292490390157025,63,0.003899869174818377,0.07161052378935816,"[63, 63, 63, 63, 63, 63, 63, 1]",32.76141276307128,22.49231263299071,0.8655579090118408
lanes,NN6,64,16,2,40000000000.0,SDM,8.0,32,T,6,3.392325353628083,13.661425483708648,"[63, 63, 63, 63, 63, 63, 63, 1]",0.00394451021548629,0.0038490998187488998,8.517039673739105e-05,0.00027746376493767904,2.0906032742399896e-05,0.002025285959679991,0.00197492736,0.0001196606618969921,0.0678595962,0.07227783997925706,6.0,9269.0,7693.0,4.742519836869553e-05,3.7745198368695526e-05,0.0,0.00394451021548629,0.00394451021548629,63,0.0038996103512889653,0.07161051593768757,"[63, 63, 63, 63, 63, 63, 63, 1]",32.76141276307128,22.49231263299071,0.938894510269165
lanes,NN6,64,16,4,40000000000.0,SDM,8.0,32,T,6,3.392325353628083,13.661425483708648,"[63, 63, 63, 63, 63, 63, 63, 1]",0.0039021408037215846,0.0038490998187488998,4.280098497268518e-05,0.00027746376493767904,2.0906032742399896e-05,0.002025285959679991,0.00197492736,0.00011837534342169798,0.0678595962,0.07227655466078177,6.0,9269.0,7693.0,2.382049248634259e-05,1.8980492486342588e-05,0.0,0.0039021408037215846,0.0039021408037215846,63,0.0038994809395242595,0.07161051201185227,"[63, 63, 63, 63, 63, 63, 63, 1]",32.76141276307128,22.49231263299071,0.8654928207397461
lanes,NN6,64,16,10,40000000000.0,SDM,8.0,32,T,6,3.392325353628083,13.661425483708648,"[63, 63, 63, 63, 63, 63, 63, 1]",0.003899422410112495,0.0038490998187488998,4.008259136359516e-05,0.00027746376493767904,2.0906032742399896e-05,0.002025285959679991,0.00197492736,0.00011829287823317264,0.0678595962,0.07227647219559324,6.0,9269.0,7693.0,2.2352941176470586e-05,1.772965018712457e-05,13.0,0.003899422410112495,0.003899422410112495,63,0.003899403292465436,0.0716105096563511,"[63, 63, 63, 63, 63, 63, 63, 1]",32.76141276307128,22.49231263299071,0.9190385341644287
