m,net,mu,lam,bwd,alloc,T,T_max,T_bestfix,u_bestfix
64,NN2,8,8,R,"[64, 63, 63, 63, 5]",0.0010459177666782146,0.0010468383763782862,0.0010468362568345686,63
64,NN2,8,8,T,"[64, 64, 64, 64, 10]",0.0007479099759450796,0.0007479099759450796,0.0007479099759450796,64
64,NN2,8,64,R,"[64, 63, 63, 63, 10]",0.000741709829368193,0.0007417507724413221,0.000741709829368193,63
64,NN2,8,64,T,"[64, 64, 64, 64, 10]",0.0007387870778904685,0.0007387870778904685,0.0007387870778904685,63
64,NN2,32,8,R,"[64, 56, 56, 48, 5]",0.0038806459848885633,0.003961534883425444,0.003961534883425444,64
64,NN2,32,8,T,"[64, 64, 64, 64, 10]",0.0026741486342682975,0.0026741486342682975,0.0026741486342682975,64
64,NN2,32,64,R,"[64, 63, 63, 63, 10]",0.00274271916856506,0.002742813161841421,0.00274271916856506,63
64,NN2,32,64,T,"[64, 64, 64, 64, 10]",0.002639285736213686,0.002639285736213686,0.002639285736213686,63
64,NN6,8,8,R,"[64, 64, 64, 64, 64, 64, 64, 5]",0.0061888796903082,0.006221585065151823,0.006221585065151823,64
64,NN6,8,8,T,"[64, 64, 64, 64, 64, 64, 64, 10]",0.005043298157906002,0.005043298157906002,0.005043298157906002,64
64,NN6,8,64,R,"[64, 64, 64, 64, 64, 64, 64, 10]",0.004805235010693155,0.004805235010693155,0.004805235010693155,64
64,NN6,8,64,T,"[64, 64, 64, 64, 64, 64, 64, 10]",0.004994235162270865,0.004994235162270865,0.004994235162270865,64
64,NN6,32,8,R,"[64, 64, 64, 64, 64, 64, 64, 5]",0.0249032804122755,0.024968248637889268,0.024968248637889268,64
64,NN6,32,8,T,"[64, 64, 64, 64, 64, 64, 64, 10]",0.019403915291273614,0.019403915291273614,0.019403915291273614,64
64,NN6,32,64,R,"[64, 64, 64, 64, 64, 64, 64, 10]",0.01930584681872472,0.01930584681872472,0.01930584681872472,64
64,NN6,32,64,T,"[64, 64, 64, 64, 64, 64, 64, 10]",0.019210661707403185,0.019210661707403185,0.019210661707403185,64
256,NN2,8,8,R,"[256, 72, 78, 64, 5]",0.000919589030490713,0.0016782576759103319,0.0010387923837981321,88
256,NN2,8,8,T,"[256, 200, 256, 256, 10]",0.0003236048967176685,0.0003237703429184061,0.0003237703429184061,256
256,NN2,8,64,R,"[256, 157, 250, 125, 10]",0.00046452624029647493,0.00047886640644261144,0.00047872754725525465,250
256,NN2,8,64,T,"[256, 256, 256, 256, 10]",0.00031289672050950927,0.00031289672050950927,0.00031289672050950927,250
256,NN2,32,8,R,"[256, 56, 72, 48, 5]",0.003392133679747675,0.006627565954522843,0.0038882544575477044,72
256,NN2,32,8,T,"[256, 200, 256, 256, 10]",0.0011964701365800377,0.0011966355827807754,0.0011966355827807754,256
256,NN2,32,64,R,"[256, 112, 250, 125, 10]",0.0017476072593527103,0.0018368817438786532,0.0018364330816607662,250
256,NN2,32,64,T,"[256, 256, 256, 256, 10]",0.0011600219603718784,0.0011600219603718784,0.0011600219603718784,250
256,NN6,8,8,R,"[256, 80, 144, 80, 144, 80, 144, 5]",0.005255393957248298,0.007929012409728065,0.005817683870268941,96
256,NN6,8,8,T,"[256, 256, 256, 256, 256, 256, 256, 10]",0.0018102597909731395,0.0018102597909731395,0.0018102597909731395,256
256,NN6,8,64,R,"[250, 250, 250, 250, 250, 250, 250, 10]",0.0024319300686233116,0.002432320755442508,0.0024319300686233116,250
256,NN6,8,64,T,"[256, 256, 256, 256, 256, 256, 256, 10]",0.001757934019040525,0.001757934019040525,0.001757934019040525,254
256,NN6,32,8,R,"[256, 72, 160, 72, 160, 72, 160, 5]",0.021071986307653057,0.03173770818031041,0.02323222825115727,112
256,NN6,32,8,T,"[256, 256, 256, 256, 256, 256, 256, 10]",0.007096225382583357,0.007096225382583357,0.007096225382583357,256
256,NN6,32,64,R,"[250, 250, 250, 250, 250, 250, 250, 10]",0.009762629120349954,0.009763728290730727,0.009762629120349954,250
256,NN6,32,64,T,"[256, 256, 256, 256, 256, 256, 256, 10]",0.0068997090224154475,0.0068997090224154475,0.0068997090224154475,254
1000,NN2,8,8,R,"[750, 72, 78, 64, 5]",0.0008992385782775363,0.004245916567532996,0.0010387923837981321,88
1000,NN2,8,8,T,"[750, 784, 1000, 500, 10]",0.00025171438952645704,0.0002521958460200219,0.0002521958460200219,1000
1000,NN2,8,64,R,"[750, 157, 250, 125, 10]",0.00044293858043503373,0.0007611687234322748,0.0004787498949555427,250
1000,NN2,8,64,T,"[750, 784, 1000, 500, 10]",0.0002346386052522105,0.00023469976662518548,0.00023469976662518548,1000
1000,NN2,32,8,R,"[750, 56, 72, 48, 5]",0.003284764240153048,0.016762173543199865,0.0038882544575477044,72
1000,NN2,32,8,T,"[750, 784, 1000, 500, 10]",0.0007893004941936627,0.0007897819506872274,0.0007897819506872274,1000
1000,NN2,32,64,R,"[750, 128, 250, 125, 10]",0.001638221239983618,0.002849930404981504,0.0018364554293610544,250
1000,NN2,32,64,T,"[750, 784, 1000, 500, 10]",0.0007464847099194162,0.0007465458712923911,0.0007465458712923911,1000
1000,NN6,8,8,R,"[1000, 80, 144, 80, 144, 80, 144, 5]",0.00514948671599498,0.02533007268602001,0.005817683870268941,96
1000,NN6,8,8,T,"[1000, 1000, 1000, 1000, 1000, 1000, 1000, 10]",0.0010848177175671924,0.0010848177175671924,0.0010848177175671924,1000
1000,NN6,8,64,R,"[1000, 256, 445, 250, 445, 250, 445, 10]",0.0022406304965634062,0.00409285793987872,0.0024319715866257426,250
1000,NN6,8,64,T,"[1000, 1000, 1000, 1000, 1000, 1000, 1000, 10]",0.0010158088537788428,0.0010158088537788428,0.0010158088537788428,1000
1000,NN6,32,8,R,"[1000, 72, 160, 72, 160, 72, 160, 5]",0.020698390310266053,0.10112910050727758,0.02323222825115727,112
1000,NN6,32,8,T,"[1000, 1000, 1000, 1000, 1000, 1000, 1000, 10]",0.004103583375041582,0.004103583375041582,0.004103583375041582,1000
1000,NN6,32,64,R,"[1000, 256, 445, 256, 445, 256, 445, 10]",0.00913972139123339,0.016243349290547986,0.009762670638352386,250
1000,NN6,32,64,T,"[1000, 1000, 1000, 1000, 1000, 1000, 1000, 10]",0.0038906556877238213,0.0038906556877238213,0.0038906556877238213,1000
