net,mu,lam,bwd,param,value,alloc,T,comm_share,T_max,T_200,T_bestfix,u_bestfix,T_RI
NN2,1,8,R,D_cfg,1e-09,"[750, 131, 167, 84, 10]",0.00019790234210717908,0.44704912300600974,0.0005891469803201407,0.00024351114577369235,0.00022259084951924723,131,0.0002123861774061885
NN2,1,8,R,D_cfg,1e-08,"[750, 131, 167, 84, 10]",0.0001996483421071791,0.4518848868347583,0.0005954379803201409,0.00024510414577369233,0.00022367984951924725,131,0.00021290512068273116
NN2,1,8,R,D_cfg,1e-06,"[150, 88, 72, 56, 5]",0.0003008667930594229,0.4143407886027423,0.0012874479803201408,0.00042033414577369234,0.0003068696005991182,88,0.0003105661183789058
NN2,1,8,R,D_cfg,1e-07,"[250, 131, 112, 84, 10]",0.00021451062675847921,0.423047460248504,0.0006583479803201398,0.0002610341457736923,0.00023456984951924722,131,0.00023000886106830365
NN2,1,8,R,C,1500000000.0,"[750, 160, 167, 125, 10]",0.0002027611188262198,0.521731119384644,0.0005400149898359552,0.00023605277752976838,0.0002297325883994273,167,0.00021436257579692458
NN2,1,8,R,C,6000000000.0,"[750, 72, 72, 56, 5]",9.980108197523356e-05,0.477826302394874,0.0005186174898359552,0.00016177827752976838,0.00011426197680153093,72,0.00010340630030612633
NN2,1,8,R,C,24000000000.0,"[375, 40, 40, 32, 5]",5.039268850019981e-05,0.5371848437912273,0.0005132681148359552,0.00014320965252976838,5.757612800167746e-05,40,5.384269720368044e-05
NN2,1,8,R,B_lam,10000000000.0,"[750, 56, 56, 40, 5]",0.00034807704743379986,0.4092694944588253,0.002098384156790726,0.0006491212045972218,0.000388269853200341,56,0.00035944094858420515
NN2,1,8,R,B_lam,40000000000.0,"[750, 131, 167, 84, 10]",0.0001996483421071791,0.4518848868347583,0.0005954379803201409,0.00024510414577369233,0.00022367984951924725,131,0.00021290512068273116
NN2,1,8,R,ser2,2,"[750, 196, 167, 125, 10]",0.0001246361858669478,0.19076237017896724,0.00018554356855543457,0.00013491767518545705,0.00013224072426659087,262,0.0001575418853886135
NN2,1,8,T,D_cfg,1e-09,"[750, 784, 1000, 500, 10]",8.932354093714088e-05,0.06633918592209262,8.962629154835283e-05,0.00012090196943926919,8.962629154835283e-05,1000,8.962629154835283e-05
NN2,1,8,T,D_cfg,1e-08,"[750, 784, 500, 500, 10]",9.466920022932594e-05,0.10078961798999043,9.591729154835284e-05,0.00012249496943926919,9.591729154835284e-05,1000,9.724153209051718e-05
NN2,1,8,T,D_cfg,1e-07,"[502, 264, 250, 167, 10]",0.000123735284189349,0.20880226506888366,0.00015882729154835293,0.00013842496943926918,0.00012679295023821003,264,0.00012883011057777081
NN2,1,8,T,D_cfg,1e-06,"[250, 131, 112, 84, 5]",0.00024842911783997204,0.4769599174231063,0.0007879272915483534,0.0002977249694392692,0.00027028495438801526,131,0.00026602840103846965
NN2,1,8,T,C,6000000000.0,"[750, 784, 500, 250, 10]",1.939721063812374e-05,0.4340251524744358,2.1201401600660603e-05,3.625096380427819e-05,2.097290914549691e-05,784,2.1793900731957607e-05
NN2,1,8,T,C,1500000000.0,"[750, 784, 1000, 500, 10]",4.593065098944865e-05,0.2599059828738549,4.65124016006606e-05,0.0001338064638042782,4.65124016006606e-05,1000,4.65124016006606e-05
NN2,1,8,T,C,24000000000.0,"[502, 392, 250, 250, 10]",9.690716738195438e-06,0.5265056110953409,1.4873651600660603e-05,1.1862088804278185e-05,1.0625337365457751e-05,392,1.0489377790529773e-05
NN2,1,8,T,B_lam,10000000000.0,"[750, 392, 500, 250, 10]",9.921663070148593e-05,0.10288047349986841,0.00010270170331305869,0.000126649087086328,0.00010203017590489693,502,0.00010381241444345833
NN2,1,8,T,B_lam,40000000000.0,"[750, 784, 500, 500, 10]",9.466920022932594e-05,0.10078961798999043,9.591729154835284e-05,0.00012249496943926919,9.591729154835284e-05,1000,9.724153209051718e-05
NN2,1,8,T,ser2,2,"[750, 784, 500, 500, 10]",9.322920022932592e-05,0.08690059022927482,9.406699743070575e-05,0.0001213620282627986,9.406699743070575e-05,1000,9.544947326698775e-05
NN2,1,64,R,D_cfg,1e-09,"[750, 196, 250, 125, 10]",0.00011727240787462009,0.16210448369918468,0.00015045554798412747,0.0001305238392867124,0.00012176632891670716,250,0.00012078235581421758
NN2,1,64,R,D_cfg,1e-08,"[750, 196, 250, 125, 10]",0.00011756940787462008,0.16422114799851273,0.00015127454798412746,0.0001307848392867124,0.00012202732891670716,250,0.00012117555969898397
NN2,1,64,R,D_cfg,1e-07,"[750, 196, 250, 125, 10]",0.00012053940787462008,0.18481410787953656,0.00015946454798412748,0.0001333948392867124,0.00012463732891670716,250,0.00012513998902256352
NN2,1,64,R,D_cfg,1e-06,"[250, 157, 167, 125, 10]",0.00014500941386389862,0.24971583285586976,0.00024136454798412752,0.0001594948392867124,0.00015073732891670715,250,0.00015476007975736696
NN2,1,64,R,C,1500000000.0,"[750, 392, 500, 250, 10]",8.094429747415409e-05,0.4343558706987819,9.585155749994176e-05,0.00012173347104278846,8.856541737171518e-05,500,8.878242372688048e-05
NN2,1,64,R,C,6000000000.0,"[750, 164, 250, 125, 10]",3.922564276457686e-05,0.42987549919269646,7.445405749994177e-05,4.7458971042788454e-05,4.35094834232572e-05,250,4.244417470644707e-05
NN2,1,64,R,C,24000000000.0,"[750, 125, 125, 63, 10]",1.9301245337402815e-05,0.5265201887108019,6.910468249994176e-05,2.889034604278845e-05,2.1455936988149552e-05,125,2.1457435140509936e-05
NN2,1,64,R,B_lam,10000000000.0,"[750, 167, 167, 125, 10]",0.0001656186399063629,0.3688943401483549,0.0003484786656311863,0.0001970954275220065,0.00018001274606998648,188,0.00017530111914080719
NN2,1,64,R,B_lam,40000000000.0,"[750, 196, 250, 125, 10]",0.00011756940787462008,0.16422114799851273,0.00015127454798412746,0.0001307848392867124,0.00012202732891670716,250,0.00012117555969898397
NN2,1,64,R,ser2,2,"[750, 392, 500, 500, 10]",9.497755381536386e-05,0.08706980552067499,9.74916068076569e-05,0.00011270013340435946,9.696195649011253e-05,500,0.00010003350087545455
NN2,1,64,T,D_cfg,1e-09,"[750, 784, 1000, 500, 10]",8.417705078054138e-05,0.009256214438784686,8.421515332998696e-05,0.00011932201589346571,8.421515332998696e-05,1000,8.421515332998696e-05
NN2,1,64,T,D_cfg,1e-08,"[750, 784, 1000, 500, 10]",8.496005078054138e-05,0.0183870044626544,8.503415332998694e-05,0.00011958301589346573,8.503415332998694e-05,1000,8.503415332998694e-05
NN2,1,64,T,D_cfg,1e-07,"[750, 784, 500, 500, 10]",9.277483175445844e-05,0.08242864909638253,9.322415332998696e-05,0.00012219301589346573,9.322415332998696e-05,1000,9.430342719740395e-05
NN2,1,64,T,D_cfg,1e-06,"[500, 296, 250, 125, 10]",0.00013043654128612044,0.23976543316119536,0.00017512415332998697,0.00014829301589346571,0.00013345149308696962,250,0.00013648248434728743
NN2,1,64,T,C,1500000000.0,"[750, 784, 1000, 500, 10]",3.5555160832849156e-05,0.04393626118563047,3.562926338229472e-05,0.0001308945102584747,3.562926338229472e-05,1000,3.562926338229472e-05
NN2,1,64,T,C,6000000000.0,"[750, 784, 1000, 500, 10]",1.0244160832849158e-05,0.15249280622770958,1.0318263382294725e-05,3.333901025847472e-05,1.0318263382294725e-05,1000,1.0318263382294725e-05
NN2,1,64,T,C,24000000000.0,"[750, 784, 1000, 500, 10]",3.916410832849159e-06,0.3988756286103669,3.990513382294725e-06,8.950135258474723e-06,3.990513382294725e-06,1000,4.311805048961392e-06
NN2,1,64,T,B_lam,10000000000.0,"[750, 784, 1000, 500, 10]",8.580446254524727e-05,0.028047172911152298,8.59173886241046e-05,0.00012025272177581865,8.59173886241046e-05,1000,8.59173886241046e-05
NN2,1,64,T,B_lam,40000000000.0,"[750, 784, 1000, 500, 10]",8.496005078054138e-05,0.0183870044626544,8.503415332998694e-05,0.00011958301589346573,8.503415332998694e-05,1000,8.503415332998694e-05
NN2,1,64,T,ser2,2,"[750, 784, 1000, 500, 10]",8.472975666289434e-05,0.015718996107838036,8.479327097704579e-05,0.00011940036883464219,8.479327097704579e-05,1000,8.479327097704579e-05
NN2,8,8,R,D_cfg,1e-09,"[750, 72, 78, 64, 5]",0.0008978975782775365,0.43429025829166923,0.004239625567532992,0.0014121498959591952,0.0010380813837981323,88,0.0009314568771204891
NN2,8,8,R,D_cfg,1e-08,"[750, 72, 78, 64, 5]",0.0008992385782775363,0.4351338795307446,0.004245916567532996,0.0014137428959591955,0.0010387923837981321,88,0.000933031877120489
NN2,8,8,R,D_cfg,1e-06,"[256, 72, 64, 56, 5]",0.001000151099856776,0.4367428912870062,0.004937926567532993,0.0015889728959591956,0.0011042653565498126,63,0.001040557966198843
NN2,8,8,R,D_cfg,1e-07,"[750, 72, 64, 56, 5]",0.0009124620951688734,0.40643609248738394,0.004308826567532996,0.0014296728959591956,0.0010459023837981322,88,0.0009461280305720133
NN2,8,8,R,C,1500000000.0,"[750, 112, 143, 100, 10]",0.0014059733990228781,0.45603143426123355,0.004191227578071251,0.001688498444196435,0.0016118176864386427,167,0.0014454580524184161
NN2,8,8,R,C,6000000000.0,"[750, 56, 72, 56, 5]",0.0006928327660056027,0.4753726760130443,0.004057553578071252,0.0012322934441964348,0.0007883365748407466,72,0.000708390629364936
NN2,8,8,R,C,24000000000.0,"[750, 32, 40, 24, 5]",0.00034839566964002983,0.5129974390650731,0.004024135078071252,0.001118242194196435,0.00040324052260952057,40,0.00036549043144188824
NN2,8,8,R,B_lam,10000000000.0,"[750, 32, 40, 32, 5]",0.0016421739842129458,0.46344005300859625,0.01624824950870946,0.004642229954782725,0.0019324316038036651,40,0.00168928176191143
NN2,8,8,R,B_lam,40000000000.0,"[750, 72, 78, 64, 5]",0.0008992385782775363,0.4351338795307446,0.004245916567532996,0.0014137428959591955,0.0010387923837981321,88,0.000933031877120489
NN2,8,8,R,ser2,2,"[750, 131, 167, 125, 10]",0.0004712144658610667,0.3011718533394531,0.0009725530381212291,0.0005332464253709603,0.0005298125279656128,167,0.000643761288885195
NN2,8,8,T,D_cfg,1e-09,"[750, 784, 1000, 500, 10]",0.00024570238952645703,0.05545591565352454,0.00024590484602002196,0.0003627911606236443,0.00024590484602002196,1000,0.00024590484602002196
NN2,8,8,T,D_cfg,1e-08,"[750, 784, 1000, 500, 10]",0.00025171438952645704,0.07801560739690873,0.0002521958460200219,0.0003643841606236443,0.0002521958460200219,1000,0.0002521958460200219
NN2,8,8,T,D_cfg,1e-06,"[256, 200, 168, 127, 10]",0.0005064710901155462,0.3320031288501343,0.0009442058460200229,0.0005396141606236443,0.0005396141606236443,200,0.0005624480207315304
NN2,8,8,T,D_cfg,1e-07,"[750, 392, 336, 500, 10]",0.0003028299923795869,0.17073726180107765,0.0003151058460200219,0.0003803141606236443,0.0003081932928243197,504,0.00031430779126295696
NN2,8,8,T,C,1500000000.0,"[750, 784, 1000, 500, 10]",0.0002128456509894486,0.09226240187741551,0.0002133271074830135,0.00075104260105918,0.0002133271074830135,1000,0.0002133271074830135
NN2,8,8,T,C,6000000000.0,"[750, 784, 1000, 500, 10]",6.940965098944863e-05,0.2829239264210371,6.989110748301352e-05,0.00019820360105918012,6.989110748301352e-05,1000,6.989110748301352e-05
NN2,8,8,T,C,24000000000.0,"[750, 784, 504, 500, 10]",3.3378752566973885e-05,0.5286297782270172,3.4032107483013526e-05,5.9993851059180147e-05,3.4032107483013526e-05,1000,3.52336725222278e-05
NN2,8,8,T,B_lam,10000000000.0,"[750, 784, 1000, 500, 10]",0.00028129791893822175,0.17497882880542473,0.00028177937543178664,0.00039396769003540897,0.00028177937543178664,1000,0.00028177937543178664
NN2,8,8,T,B_lam,40000000000.0,"[750, 784, 1000, 500, 10]",0.00025171438952645704,0.07801560739690873,0.0002521958460200219,0.0003643841606236443,0.0002521958460200219,1000,0.0002521958460200219
NN2,8,8,T,ser2,2,"[750, 784, 1000, 500, 10]",0.00024364615423233942,0.047484499526713186,0.00024412761072590433,0.00035631592532952666,0.00024412761072590433,1000,0.00024412761072590433
NN2,8,64,R,D_cfg,1e-09,"[750, 157, 250, 125, 10]",0.0004426595804350338,0.29763200925192307,0.0007603497234322748,0.0005121514130016274,0.0004784888949555427,250,0.0004693927536785946
NN2,8,64,R,D_cfg,1e-08,"[750, 157, 250, 125, 10]",0.00044293858043503373,0.2980744197306541,0.0007611687234322748,0.0005124124130016274,0.0004787498949555427,250,0.0004697184850717589
NN2,8,64,R,D_cfg,1e-07,"[750, 157, 250, 125, 10]",0.0004457285804350338,0.3024680629810826,0.0007693587234322748,0.0005150224130016274,0.0004813598949555426,250,0.0004730308818472829
NN2,8,64,R,D_cfg,1e-06,"[750, 157, 250, 125, 10]",0.0004736285804350338,0.3435575196708637,0.0008512587234322747,0.0005411224130016274,0.0005074598949555427,250,0.0004944763140973746
NN2,8,64,R,C,1500000000.0,"[750, 392, 500, 250, 10]",0.0005619258268859188,0.49175023997491324,0.00070647973397053,0.0007871679612388668,0.0006238334369795583,500,0.0006243427325518418
NN2,8,64,R,C,6000000000.0,"[750, 157, 250, 125, 10]",0.00027190466033949235,0.4855696852516068,0.00057280573397053,0.0003309629612388669,0.00030729123832521797,250,0.0002914985453475494
NN2,8,64,R,C,24000000000.0,"[750, 64, 125, 63, 10]",0.00013619160189099418,0.4389815602495498,0.0005393872339705299,0.00021691171123886687,0.00015249630953716916,125,0.00015722520522374196
NN2,8,64,R,B_lam,10000000000.0,"[750, 64, 125, 63, 10]",0.0007273084818646221,0.3276945334731606,0.0023360063704910986,0.0010421594718251568,0.0008137980780711096,125,0.0008401372676574495
NN2,8,64,R,B_lam,40000000000.0,"[750, 157, 250, 125, 10]",0.00044293858043503373,0.2980744197306541,0.0007611687234322748,0.0005124124130016274,0.0004787498949555427,250,0.0004697184850717589
NN2,8,64,R,ser2,2,"[750, 392, 334, 250, 10]",0.00030171402920949037,0.15595930750693202,0.00033166754696168667,0.0003679359424133921,0.0003140369619935639,500,0.00035142672036587655
NN2,8,64,T,D_cfg,1e-09,"[750, 784, 1000, 500, 10]",0.0002338556052522105,0.007606688380565492,0.00023388076662518548,0.0003540773835484291,0.00023388076662518548,1000,0.00023388076662518548
NN2,8,64,T,D_cfg,1e-08,"[750, 784, 1000, 500, 10]",0.0002346386052522105,0.010918351276629764,0.00023469976662518548,0.0003543383835484291,0.00023469976662518548,1000,0.00023469976662518548
NN2,8,64,T,D_cfg,1e-07,"[750, 784, 1000, 500, 10]",0.00024246860525221052,0.04285860721800543,0.0002428897666251855,0.00035694838354842907,0.0002428897666251855,1000,0.0002428897666251855
NN2,8,64,T,D_cfg,1e-06,"[750, 400, 500, 250, 10]",0.0003057511429168378,0.171635417579803,0.00032478976662518545,0.00038304838354842906,0.000310863306411331,500,0.0003192922414114759
NN2,8,64,T,C,1500000000.0,"[750, 784, 1000, 500, 10]",0.00019576986671520207,0.013086113599540823,0.00019583102808817704,0.0007409968239839648,0.00019583102808817704,1000,0.00019583102808817704
NN2,8,64,T,C,6000000000.0,"[750, 784, 1000, 500, 10]",5.23338667152021e-05,0.04895236824642887,5.239502808817707e-05,0.00018815782398396488,5.239502808817707e-05,1000,5.239502808817707e-05
NN2,8,64,T,C,24000000000.0,"[750, 784, 1000, 500, 10]",1.64748667152021e-05,0.1555015138810289,1.6536028088177077e-05,4.9948073983964913e-05,1.6536028088177077e-05,1000,1.6536028088177077e-05
NN2,8,64,T,B_lam,10000000000.0,"[750, 784, 1000, 500, 10]",0.0002384821346639752,0.02685901875204238,0.00023854329603695019,0.00035903603060725265,0.00023854329603695019,1000,0.00023854329603695019
NN2,8,64,T,B_lam,40000000000.0,"[750, 784, 1000, 500, 10]",0.0002346386052522105,0.010918351276629764,0.00023469976662518548,0.0003543383835484291,0.00023469976662518548,1000,0.00023469976662518548
NN2,8,64,T,ser2,2,"[750, 784, 1000, 500, 10]",0.00023359036995809285,0.006479853691554173,0.00023365153133106785,0.0003530572070778408,0.00023365153133106785,1000,0.00023365153133106785
NN2,32,8,R,D_cfg,1e-09,"[750, 56, 72, 48, 5]",0.0032835132401530477,0.38361324216821757,0.01675588254319986,0.00556225867642204,0.003887669457547705,72,0.0034282787794947625
NN2,32,8,R,D_cfg,1e-08,"[750, 56, 72, 48, 5]",0.003284764240153048,0.3838479926031565,0.016762173543199865,0.0055638516764220415,0.0038882544575477044,72,0.003429790779494763
NN2,32,8,R,D_cfg,1e-07,"[750, 56, 72, 48, 5]",0.003297274240153048,0.3861856997670522,0.016825083543199882,0.0055797816764220414,0.003894104457547705,72,0.003444910779494763
NN2,32,8,R,D_cfg,1e-06,"[502, 56, 72, 48, 5]",0.003416249768787972,0.4001352291961382,0.01745418354319987,0.005739081676422041,0.003952604457547705,72,0.0036002171002322524
NN2,32,8,R,C,1500000000.0,"[750, 112, 143, 100, 10]",0.005524484457846408,0.4629527232863437,0.016712704519247713,0.006668833503019965,0.0063509165099680555,167,0.005784624420592395
NN2,32,8,R,C,6000000000.0,"[750, 56, 72, 56, 5]",0.0027223471189467795,0.48194299316773803,0.016194082519247713,0.004903152503019965,0.003099693516017217,72,0.002810163285043742
NN2,32,8,R,C,24000000000.0,"[750, 32, 40, 24, 5]",0.001368790434345912,0.5189237396680089,0.016064427019247714,0.004461732253019965,0.0015857623010293144,32,0.0014491651302862907
NN2,32,8,R,B_lam,10000000000.0,"[750, 32, 40, 24, 5]",0.006089814058041959,0.46579171101131245,0.06477150530790574,0.01847779991171616,0.007399448441322972,40,0.006592795539859661
NN2,32,8,R,B_lam,40000000000.0,"[750, 56, 72, 48, 5]",0.003284764240153048,0.3838479926031565,0.016762173543199865,0.0055638516764220415,0.0038882544575477044,72,0.003429790779494763
NN2,32,8,R,ser2,2,"[750, 131, 167, 125, 10]",0.001730690803455939,0.32349479991586605,0.003668719425552811,0.0020418657940691,0.0020011343548967946,167,0.0024325060736124096
NN2,32,8,T,D_cfg,1e-09,"[750, 784, 1000, 500, 10]",0.0007832884941936626,0.05516381348827797,0.0007834909506872276,0.0013335830755136567,0.0007834909506872276,1000,0.0007834909506872276
NN2,32,8,T,D_cfg,1e-08,"[750, 784, 1000, 500, 10]",0.0007893004941936627,0.06236050878378956,0.0007897819506872274,0.0013351760755136567,0.0007897819506872274,1000,0.0007897819506872274
NN2,32,8,T,D_cfg,1e-07,"[750, 784, 1000, 500, 10]",0.0008494204941936627,0.12872444348662518,0.0008526919506872275,0.0013511060755136567,0.0008526919506872275,1000,0.0008769153778243788
NN2,32,8,T,D_cfg,1e-06,"[750, 392, 336, 252, 10]",0.0012503973721903444,0.3059715495381222,0.0014817919506872285,0.0015104060755136567,0.0013121331264687461,392,0.0013626210680553145
NN2,32,8,T,C,1500000000.0,"[750, 784, 1000, 500, 10]",0.0007883091804012133,0.06243892831003441,0.0007887906368947781,0.002867802130470944,0.0007887906368947781,1000,0.0007887906368947781
NN2,32,8,T,C,6000000000.0,"[750, 784, 1000, 500, 10]",0.00023987318040121335,0.2051966806747036,0.0002403546368947782,0.0007539911304709446,0.0002403546368947782,1000,0.0002403546368947782
NN2,32,8,T,C,24000000000.0,"[750, 784, 1000, 500, 10]",0.00010276418040121334,0.478972149722241,0.0001032456368947782,0.0002255383804709448,0.0001032456368947782,1000,0.0001032456368947782
NN2,32,8,T,B_lam,10000000000.0,"[750, 784, 1000, 500, 10]",0.0009076346118407217,0.18460655407186718,0.0009081160683342864,0.0014535101931607154,0.0009081160683342864,1000,0.0009081160683342864
NN2,32,8,T,B_lam,40000000000.0,"[750, 784, 1000, 500, 10]",0.0007893004941936627,0.06236050878378956,0.0007897819506872274,0.0013351760755136567,0.0007897819506872274,1000,0.0007897819506872274
NN2,32,8,T,ser2,2,"[750, 784, 1000, 500, 10]",0.0007570275530171921,0.022387876315986453,0.000757509009510757,0.0013029031343371861,0.000757509009510757,1000,0.000757509009510757
NN2,32,64,R,D_cfg,1e-09,"[750, 128, 250, 125, 10]",0.0016379602399836182,0.2740379954210934,0.0028491114049815046,0.001963520193464473,0.0018361944293610543,250,0.0016575254507675127
NN2,32,64,R,D_cfg,1e-08,"[750, 128, 250, 125, 10]",0.001638221239983618,0.27415365506374156,0.002849930404981504,0.0019637811934644727,0.0018364554293610544,250,0.0016578224507675125
NN2,32,64,R,D_cfg,1e-07,"[750, 128, 250, 125, 10]",0.0016408312399836182,0.2753082277669664,0.0028581204049815036,0.0019663911934644732,0.0018390654293610543,250,0.0016607924507675124
NN2,32,64,R,D_cfg,1e-06,"[750, 128, 250, 125, 10]",0.001666931239983618,0.2866550996724135,0.002940020404981504,0.0019924911934644726,0.0018651654293610543,250,0.0016903448010419408
NN2,32,64,R,C,1500000000.0,"[750, 392, 500, 250, 10]",0.0022110053562976835,0.4989543270389465,0.0028004613810293537,0.003068763020062396,0.002459215554626617,500,0.002450549298914476
NN2,32,64,R,C,6000000000.0,"[750, 157, 250, 125, 10]",0.0010696867779865509,0.4925766951876597,0.002281839381029354,0.0013030820200623963,0.0012077571366492538,188,0.0011469353589442124
NN2,32,64,R,C,24000000000.0,"[750, 64, 125, 63, 10]",0.0005349910136557,0.44549348974501357,0.002152183881029354,0.0008616617700623962,0.0006017831330665809,125,0.0006283631973368034
NN2,32,64,R,B_lam,10000000000.0,"[750, 64, 125, 63, 10]",0.00267956877970076,0.3554798324008303,0.009149280993216798,0.00408276942875859,0.003010351516578121,125,0.0029996130071933925
NN2,32,64,R,B_lam,40000000000.0,"[750, 128, 250, 125, 10]",0.001638221239983618,0.27415365506374156,0.002849930404981504,0.0019637811934644727,0.0018364554293610544,250,0.0016578224507675125
NN2,32,64,R,ser2,2,"[750, 392, 500, 250, 10]",0.0010338302720913622,0.1945752159565022,0.0011319256990991512,0.0013858753111115319,0.0010870827922846152,500,0.0012602977448851597
NN2,32,64,T,D_cfg,1e-09,"[750, 784, 1000, 500, 10]",0.0007457017099194161,0.00753973881536947,0.0007457268712923911,0.0012999834160855003,0.0007457268712923911,1000,0.0007457268712923911
NN2,32,64,T,D_cfg,1e-08,"[750, 784, 1000, 500, 10]",0.0007464847099194162,0.008580746587104613,0.0007465458712923911,0.0013002444160855001,0.0007465458712923911,1000,0.0007465458712923911
NN2,32,64,T,D_cfg,1e-07,"[750, 784, 1000, 500, 10]",0.0007543147099194161,0.01887195879885145,0.0007547358712923911,0.0013028544160855002,0.0007547358712923911,1000,0.0007547358712923911
NN2,32,64,T,D_cfg,1e-06,"[750, 784, 1000, 500, 10]",0.0008326147099194161,0.11113831526700117,0.0008366358712923911,0.0013289544160855003,0.0008366358712923911,1000,0.0008568284348853955
NN2,32,64,T,C,1500000000.0,"[750, 784, 1000, 500, 10]",0.0007454933961269668,0.00859215676523027,0.0007455545574999418,0.0028328704710427876,0.0007455545574999418,1000,0.0007455545574999418
NN2,32,64,T,C,6000000000.0,"[750, 784, 1000, 500, 10]",0.0001970573961269668,0.03250523072394462,0.00019711855749994178,0.0007190594710427882,0.00019711855749994178,1000,0.00019711855749994178
NN2,32,64,T,C,24000000000.0,"[750, 784, 1000, 500, 10]",5.994839612696681e-05,0.10684849872214419,6.000955749994179e-05,0.0001906067210427884,6.000955749994179e-05,1000,6.000955749994179e-05
NN2,32,64,T,B_lam,10000000000.0,"[750, 784, 1000, 500, 10]",0.000761858827566475,0.028587335325093794,0.00076191998893945,0.0013190350043207945,0.00076191998893945,1000,0.00076191998893945
NN2,32,64,T,B_lam,40000000000.0,"[750, 784, 1000, 500, 10]",0.0007464847099194162,0.008580746587104613,0.0007465458712923911,0.0013002444160855001,0.0007465458712923911,1000,0.0007465458712923911
NN2,32,64,T,ser2,2,"[750, 784, 1000, 500, 10]",0.0007422917687429455,0.002980573197306177,0.0007423529301159205,0.0012951197102031473,0.0007423529301159205,1000,0.0007423529301159205
NN6,1,8,R,D_cfg,1e-09,"[1000, 168, 223, 167, 223, 167, 223, 5]",0.0010235487422998143,0.5406412347958224,0.0033098556259801874,0.001139558415353488,0.0010995503157563095,167,0.0010639850427879365
NN6,1,8,R,D_cfg,1e-08,"[1000, 168, 223, 167, 223, 167, 223, 5]",0.0010273287422998142,0.5423314202846317,0.003324498625980182,0.0011425014153534881,0.0011020253157563095,167,0.0010674767539485175
NN6,1,8,R,D_cfg,1e-07,"[667, 168, 223, 167, 223, 167, 223, 5]",0.0010641401644734458,0.5550451536638538,0.003470928625980179,0.001171931415353488,0.0011267753157563096,167,0.0010870087418900637
NN6,1,8,R,D_cfg,1e-06,"[223, 112, 152, 112, 152, 112, 152, 5]",0.0013270291777408676,0.4518089312890695,0.004935228625980174,0.001466231415353488,0.0013742753157563094,167,0.0013780942827738717
NN6,1,8,R,C,6000000000.0,"[1000, 72, 160, 72, 160, 72, 160, 5]",0.000625456453898563,0.4548064358312046,0.0031164547229593485,0.0008132018680031566,0.0006888668168141639,112,0.0006533469017521076
NN6,1,8,R,C,1500000000.0,"[1000, 168, 334, 167, 334, 167, 334, 10]",0.001254643284349653,0.5046544242875005,0.0032483232229593485,0.0013785303680031568,0.0013785303680031568,200,0.0013305125950787144
NN6,1,8,R,C,24000000000.0,"[667, 40, 80, 40, 80, 40, 80, 5]",0.0003115691436550729,0.5024600911541217,0.0030834875979593485,0.0006718697430031566,0.00034927681491634755,56,0.0003376777133327839
NN6,1,8,R,B_lam,10000000000.0,"[1000, 56, 80, 56, 80, 56, 80, 5]",0.001909851712254139,0.4054112400098954,0.012468614214215492,0.003004138180059371,0.0020551660294454038,72,0.0020253558632201737
NN6,1,8,R,B_lam,40000000000.0,"[1000, 168, 223, 167, 223, 167, 223, 5]",0.0010273287422998142,0.5423314202846317,0.003324498625980182,0.0011425014153534881,0.0011020253157563095,167,0.0010674767539485175
NN6,1,8,R,ser2,2,"[1000, 250, 667, 250, 667, 250, 667, 10]",0.0005096329016335667,0.3949521318676559,0.0008306489200978304,0.0006347822977064292,0.0005667748260623229,334,0.0007014652833602821
NN6,1,8,T,D_cfg,1e-09,"[1000, 1000, 1000, 1000, 1000, 1000, 1000, 10]",0.00029206958276327085,0.0602313072002757,0.00029206958276327085,0.0006252531248770424,0.00029206958276327085,1000,0.00029206958276327085
NN6,1,8,T,D_cfg,1e-08,"[1000, 1000, 1000, 1000, 1000, 1000, 1000, 10]",0.0003067125827632708,0.1050975231366707,0.0003067125827632708,0.0006281961248770424,0.0003067125827632708,1000,0.0003067125827632708
NN6,1,8,T,D_cfg,1e-06,"[334, 167, 223, 167, 223, 167, 176, 10]",0.0009108582453017678,0.36626929305503836,0.0019174425827632694,0.0009519261248770424,0.0009372837364776005,250,0.0009491215255529125
NN6,1,8,T,D_cfg,1e-07,"[1000, 500, 667, 500, 667, 500, 667, 10]",0.00041024736174618024,0.2734319575054218,0.00045314258276327114,0.0006576261248770424,0.00042553473314156057,667,0.0004372011941044217
NN6,1,8,T,C,1500000000.0,"[1000, 1000, 1000, 1000, 1000, 1000, 1000, 10]",0.0002571920660966042,0.12533330927542358,0.0002571920660966042,0.001070505564081588,0.0002571920660966042,1000,0.0002571920660966042
NN6,1,8,T,C,6000000000.0,"[1000, 1000, 1000, 1000, 1000, 1000, 1000, 10]",8.871406609660421e-05,0.36335537510104904,8.871406609660421e-05,0.000276129564081588,8.871406609660421e-05,1000,8.871406609660421e-05
NN6,1,8,T,B_lam,10000000000.0,"[1000, 1000, 1000, 1000, 1000, 1000, 1000, 10]",0.0003309967004103296,0.17075351609325548,0.0003309967004103296,0.0006495684778182188,0.0003309967004103296,1000,0.0003309967004103296
NN6,1,8,T,C,24000000000.0,"[1000, 500, 667, 500, 667, 500, 500, 10]",4.4083755039084414e-05,0.4698037486610599,4.659456609660421e-05,7.753556408158795e-05,4.570776588031793e-05,500,5.085132563382178e-05
NN6,1,8,T,B_lam,40000000000.0,"[1000, 1000, 1000, 1000, 1000, 1000, 1000, 10]",0.0003067125827632708,0.1050975231366707,0.0003067125827632708,0.0006281961248770424,0.0003067125827632708,1000,0.0003067125827632708
NN6,1,8,T,ser2,2,"[1000, 1000, 1000, 1000, 1000, 1000, 1000, 10]",0.0003000896415868002,0.08534713644686776,0.0003000896415868002,0.0006223673013476306,0.0003000896415868002,1000,0.0003000896415868002
NN6,1,64,R,D_cfg,1e-09,"[1000, 250, 667, 250, 667, 250, 667, 10]",0.00044672442107603744,0.3097482785455215,0.0006485014092506569,0.0006218954080170134,0.000512167177413947,500,0.0005074402346525933
NN6,1,64,R,D_cfg,1e-08,"[1000, 250, 667, 250, 667, 250, 667, 10]",0.00044768742107603737,0.3112330475527967,0.0006503824092506567,0.0006223724080170135,0.0005131121774139472,500,0.0004889937664930059
NN6,1,64,R,D_cfg,1e-06,"[667, 250, 445, 250, 445, 250, 445, 10]",0.000545510021801776,0.36052165166379185,0.0008572924092506568,0.0006748424080170134,0.0005924645841726839,250,0.0005840126617286083
NN6,1,64,R,D_cfg,1e-07,"[1000, 250, 667, 250, 667, 250, 667, 10]",0.0004573174210760374,0.32573681549686495,0.0006691924092506569,0.0006271424080170134,0.0005215050393096452,364,0.0004934932812369812
NN6,1,64,R,C,6000000000.0,"[1000, 250, 445, 250, 445, 250, 445, 10]",0.00023114422251952876,0.5171189422342729,0.0004423385062298234,0.00029307286066668193,0.00025690972830721964,250,0.00025232438060088496
NN6,1,64,R,C,1500000000.0,"[1000, 500, 1000, 500, 1000, 500, 1000, 10]",0.00048017539767416324,0.5040215141795443,0.0005742070062298234,0.000858401360666682,0.0005227917618866251,500,0.0005571263686876885
NN6,1,64,R,C,24000000000.0,"[1000, 128, 250, 128, 250, 128, 250, 10]",0.0001168070600178846,0.5621386955648426,0.0004093713812298234,0.00015174073566668196,0.0001298886168024439,125,0.0001228918293281525
NN6,1,64,R,B_lam,10000000000.0,"[1000, 167, 368, 167, 368, 167, 368, 10]",0.0007852034570967235,0.4808752496885718,0.0018352571151330098,0.0009333682903699546,0.0008508157606432721,250,0.0008922500546022676
NN6,1,64,R,B_lam,40000000000.0,"[1000, 250, 667, 250, 667, 250, 667, 10]",0.00044768742107603737,0.3112330475527967,0.0006503824092506567,0.0006223724080170135,0.0005131121774139472,500,0.0004889937664930059
NN6,1,64,T,D_cfg,1e-09,"[1000, 1000, 1000, 1000, 1000, 1000, 1000, 10]",0.00027673948368080376,0.008172428634767666,0.00027673948368080376,0.0006184883528346853,0.00027673948368080376,1000,0.00027673948368080376
NN6,1,64,R,ser2,2,"[1000, 500, 1000, 500, 1000, 500, 1000, 10]",0.00030576233587244764,0.15018843367539939,0.0003272347621918333,0.000537555349193484,0.0003272271570679917,667,0.00036032288414006476
NN6,1,64,T,D_cfg,1e-08,"[1000, 1000, 1000, 1000, 1000, 1000, 1000, 10]",0.00027862048368080373,0.014868374449991088,0.00027862048368080373,0.0006189653528346855,0.00027862048368080373,1000,0.00027862048368080373
NN6,1,64,T,D_cfg,1e-07,"[1000, 1000, 1000, 1000, 1000, 1000, 1000, 10]",0.00029743048368080375,0.07716974197384595,0.00029743048368080375,0.0006237353528346854,0.00029743048368080375,1000,0.00029743048368080375
NN6,1,64,T,C,1500000000.0,"[1000, 1000, 1000, 1000, 1000, 1000, 1000, 10]",0.00022909996701413716,0.01808220985273293,0.00022909996701413716,0.0010612747920392311,0.00022909996701413716,1000,0.00022909996701413716
NN6,1,64,T,D_cfg,1e-06,"[1000, 500, 667, 500, 667, 500, 445, 10]",0.0004301077182655137,0.2893632071930435,0.00048553048368080376,0.0006714353528346854,0.0004494604544393572,667,0.00045489327282907823
NN6,1,64,T,C,6000000000.0,"[1000, 1000, 1000, 1000, 1000, 1000, 1000, 10]",6.062196701413715e-05,0.068335520684074,6.062196701413715e-05,0.00026689879203923097,6.062196701413715e-05,1000,6.062196701413715e-05
NN6,1,64,T,C,24000000000.0,"[1000, 1000, 1000, 1000, 1000, 1000, 1000, 10]",1.8502467014137157e-05,0.22389628786467036,1.8502467014137157e-05,6.830479203923097e-05,1.8502467014137157e-05,1000,1.8502467014137157e-05
NN6,1,64,T,B_lam,10000000000.0,"[1000, 1000, 1000, 1000, 1000, 1000, 1000, 10]",0.00028173607191609785,0.025762487092030825,0.00028173607191609785,0.0006223915293052737,0.00028173607191609785,1000,0.00028173607191609785
NN6,1,64,T,B_lam,40000000000.0,"[1000, 1000, 1000, 1000, 1000, 1000, 1000, 10]",0.00027862048368080373,0.014868374449991088,0.00027862048368080373,0.0006189653528346855,0.00027862048368080373,1000,0.00027862048368080373
NN6,1,64,T,ser2,2,"[1000, 1000, 1000, 1000, 1000, 1000, 1000, 10]",0.00027777077779845085,0.011854838815479043,0.00027777077779845085,0.0006180309410699795,0.00027777077779845085,1000,0.00027777077779845085
NN6,8,8,R,D_cfg,1e-09,"[1000, 80, 144, 80, 144, 80, 144, 5]",0.00514684071599498,0.451198371086262,0.02531542968602006,0.0068878528023679775,0.00581626187026894,96,0.005324440337719952
NN6,8,8,R,D_cfg,1e-08,"[1000, 80, 144, 80, 144, 80, 144, 5]",0.00514948671599498,0.4514803660092889,0.02533007268602001,0.006890795802367979,0.005817683870268941,96,0.005355965364668395
NN6,8,8,R,D_cfg,1e-07,"[1000, 80, 144, 80, 144, 80, 144, 5]",0.00517594671599498,0.4542844577652074,0.025476502686020037,0.006920225802367979,0.00583190387026894,96,0.005382020361943603
NN6,8,8,R,D_cfg,1e-06,"[504, 80, 144, 80, 144, 80, 144, 5]",0.005414748744610105,0.471530171355296,0.026940802686020008,0.007214525802367979,0.005974103870268941,96,0.005828803649962971
NN6,8,8,R,C,1500000000.0,"[1000, 144, 286, 144, 286, 144, 286, 10]",0.00880802227187217,0.49050567825375463,0.025508150379822094,0.009649671642512962,0.009649671642512962,200,0.008847573712360605
NN6,8,8,R,C,6000000000.0,"[1000, 72, 144, 72, 144, 72, 144, 5]",0.0043774959040725914,0.4957850983679493,0.024678014379822096,0.006139075642512962,0.004891763327916857,96,0.004377570570739259
NN6,8,8,R,C,24000000000.0,"[1000, 40, 72, 40, 72, 40, 72, 5]",0.0022017012274905133,0.5440694961395143,0.024470480379822093,0.005261426642512962,0.0024620421470947676,48,0.0022861763414826924
NN6,8,8,R,B_lam,10000000000.0,"[1000, 40, 72, 40, 72, 40, 72, 5]",0.009696054285526204,0.49337336685704564,0.09845387974484361,0.021778066390603274,0.010773180658399214,48,0.010354083498787286
NN6,8,8,R,B_lam,40000000000.0,"[1000, 80, 144, 80, 144, 80, 144, 5]",0.00514948671599498,0.4514803660092889,0.02533007268602001,0.006890795802367979,0.005817683870268941,96,0.005355965364668395
NN6,8,8,R,ser2,2,"[1000, 168, 308, 168, 308, 168, 308, 10]",0.002492470911824289,0.35966715005719274,0.005387216215431779,0.002830631096485625,0.0027569355856399656,250,0.0035404853646683948
NN6,8,8,T,D_cfg,1e-09,"[1000, 1000, 1000, 1000, 1000, 1000, 1000, 10]",0.0010701747175671922,0.06029193941390964,0.0010701747175671922,0.002158114345643293,0.0010701747175671922,1000,0.0010701747175671922
NN6,8,8,T,D_cfg,1e-08,"[1000, 1000, 1000, 1000, 1000, 1000, 1000, 10]",0.0010848177175671924,0.07297623181468332,0.0010848177175671924,0.0021610573456432927,0.0010848177175671924,1000,0.0010848177175671924
NN6,8,8,T,D_cfg,1e-07,"[1000, 1000, 1000, 1000, 1000, 1000, 1000, 10]",0.0012312477175671923,0.18322544360091184,0.0012312477175671923,0.002190487345643293,0.0012312477175671923,1000,0.0012312477175671923
NN6,8,8,T,C,1500000000.0,"[1000, 1000, 1000, 1000, 1000, 1000, 1000, 10]",0.001354701909233859,0.0584378812004707,0.001354701909233859,0.006063580662120805,0.001354701909233859,1000,0.001354701909233859
NN6,8,8,T,D_cfg,1e-06,"[672, 336, 504, 336, 504, 336, 400, 10]",0.0020714566126919572,0.36081781581564804,0.0026955477175671953,0.002484787345643293,0.002116926715622447,336,0.0021377759584628123
NN6,8,8,T,C,6000000000.0,"[1000, 1000, 1000, 1000, 1000, 1000, 1000, 10]",0.000399969909233859,0.1979296627226311,0.000399969909233859,0.0015620046621208038,0.000399969909233859,1000,0.000399969909233859
NN6,8,8,T,C,24000000000.0,"[1000, 1000, 1000, 1000, 1000, 1000, 1000, 10]",0.0001612869092338591,0.49083902475353364,0.0001612869092338591,0.0004366106621208037,0.0001612869092338591,1000,0.0001612869092338591
NN6,8,8,T,B_lam,10000000000.0,"[1000, 1000, 1000, 1000, 1000, 1000, 1000, 10]",0.001249895364626016,0.19541120257355593,0.001249895364626016,0.0023261349927021164,0.001249895364626016,1000,0.001249895364626016
NN6,8,8,T,B_lam,40000000000.0,"[1000, 1000, 1000, 1000, 1000, 1000, 1000, 10]",0.0010848177175671924,0.07297623181468332,0.0010848177175671924,0.0021610573456432927,0.0010848177175671924,1000,0.0010848177175671924
NN6,8,8,T,ser2,2,"[1000, 1000, 1000, 1000, 1000, 1000, 1000, 10]",0.0010397965410966043,0.03283789800575868,0.0010397965410966043,0.0021160361691727044,0.0010397965410966043,1000,0.0010397965410966043
NN6,8,64,R,D_cfg,1e-09,"[1000, 256, 445, 250, 445, 250, 445, 10]",0.002239883496563406,0.42288590209998717,0.0040909769398787205,0.0027536583244432682,0.0024314945866257425,250,0.0023137201572341545
NN6,8,64,R,D_cfg,1e-08,"[1000, 256, 445, 250, 445, 250, 445, 10]",0.0022406304965634062,0.42307830519000694,0.00409285793987872,0.0027541353244432683,0.0024319715866257426,250,0.0023144131572341545
NN6,8,64,R,D_cfg,1e-07,"[1000, 256, 445, 250, 445, 250, 445, 10]",0.002248100496563406,0.42499530359235527,0.00411166793987872,0.002758905324443268,0.0024367415866257424,250,0.002321331306308755
NN6,8,64,R,D_cfg,1e-06,"[1000, 256, 445, 250, 445, 250, 445, 10]",0.0023228004965634057,0.44348714173566556,0.0042997679398787195,0.002806605324443268,0.0024844415866257423,250,0.0023761043656130056
NN6,8,64,R,C,1500000000.0,"[1000, 500, 800, 500, 800, 500, 800, 10]",0.0033953513118045228,0.530967337273772,0.004270935633680803,0.005513011164588251,0.0036098068599258416,500,0.0036468972361354637
NN6,8,64,R,C,6000000000.0,"[1000, 256, 445, 250, 445, 250, 445, 10]",0.0016469221530430896,0.5755962121776665,0.003440799633680803,0.0020024151645882506,0.001778904973405259,250,0.0017723504984388
NN6,8,64,R,C,24000000000.0,"[1000, 128, 191, 128, 191, 128, 191, 10]",0.0008329034138074929,0.5778173945453339,0.003233265633680803,0.0011247661645882505,0.0009033674280769537,125,0.0009165924606305146
NN6,8,64,R,B_lam,10000000000.0,"[1000, 128, 254, 128, 254, 128, 254, 10]",0.0040268963842286475,0.5165168216430323,0.013568128528114017,0.005241170618560914,0.0045549924439394875,125,0.004454454761787741
NN6,8,64,R,B_lam,40000000000.0,"[1000, 256, 445, 250, 445, 250, 445, 10]",0.0022406304965634062,0.42307830519000694,0.00409285793987872,0.0027541353244432683,0.0024319715866257426,250,0.0023144131572341545
NN6,8,64,R,ser2,2,"[1000, 500, 1000, 500, 1000, 500, 1000, 10]",0.0013407228023174498,0.26177027604787556,0.0015086932339963676,0.002075852971502092,0.0014494206056370714,500,0.0016663390395870957
NN6,8,64,T,D_cfg,1e-09,"[1000, 1000, 1000, 1000, 1000, 1000, 1000, 10]",0.0010139278537788427,0.00816236127123387,0.0010139278537788427,0.002111118691247995,0.0010139278537788427,1000,0.0010139278537788427
NN6,8,64,T,D_cfg,1e-08,"[1000, 1000, 1000, 1000, 1000, 1000, 1000, 10]",0.0010158088537788428,0.00999897314118218,0.0010158088537788428,0.0021115956912479946,0.0010158088537788428,1000,0.0010158088537788428
NN6,8,64,T,D_cfg,1e-07,"[1000, 1000, 1000, 1000, 1000, 1000, 1000, 10]",0.001034618853778843,0.027997793911941998,0.001034618853778843,0.002116365691247995,0.001034618853778843,1000,0.001034618853778843
NN6,8,64,T,C,1500000000.0,"[1000, 1000, 1000, 1000, 1000, 1000, 1000, 10]",0.0012856930454455094,0.007900054745952333,0.0012856930454455094,0.006014119007725507,0.0012856930454455094,1000,0.0012856930454455094
NN6,8,64,T,D_cfg,1e-06,"[1000, 1000, 1000, 1000, 1000, 1000, 1000, 10]",0.0012227188537788428,0.17752817401535814,0.0012227188537788428,0.0021640656912479948,0.0012227188537788428,1000,0.0012332424617760834
NN6,8,64,T,C,6000000000.0,"[1000, 1000, 1000, 1000, 1000, 1000, 1000, 10]",0.00033096104544550966,0.03068954967747704,0.00033096104544550966,0.0015125430077255057,0.00033096104544550966,1000,0.00033096104544550966
NN6,8,64,T,C,24000000000.0,"[1000, 1000, 1000, 1000, 1000, 1000, 1000, 10]",9.22780454455097e-05,0.11007001065608236,9.22780454455097e-05,0.0003871490077255055,9.22780454455097e-05,1000,9.22780454455097e-05
NN6,8,64,T,B_lam,10000000000.0,"[1000, 1000, 1000, 1000, 1000, 1000, 1000, 10]",0.0010369676773082546,0.03019946490155869,0.0010369676773082546,0.0021380345147774065,0.0010369676773082546,1000,0.0010369676773082546
NN6,8,64,T,B_lam,40000000000.0,"[1000, 1000, 1000, 1000, 1000, 1000, 1000, 10]",0.0010158088537788428,0.00999897314118218,0.0010158088537788428,0.0021115956912479946,0.0010158088537788428,1000,0.0010158088537788428
NN6,8,64,T,ser2,2,"[1000, 1000, 1000, 1000, 1000, 1000, 1000, 10]",0.0010100382655435487,0.004342862404183298,0.0010100382655435487,0.0021043851030127006,0.0010100382655435487,1000,0.0010100382655435487
NN6,32,8,R,D_cfg,1e-09,"[1000, 72, 160, 72, 160, 72, 160, 5]",0.02069569031026605,0.4339834561761501,0.10111445750727743,0.027182163272374743,0.02323057225115727,112,0.022943413709566436
NN6,32,8,R,D_cfg,1e-08,"[1000, 72, 160, 72, 160, 72, 160, 5]",0.020698390310266053,0.4340572901625334,0.10112910050727758,0.027185106272374745,0.02323222825115727,112,0.02294590670956644
NN6,32,8,R,D_cfg,1e-07,"[1000, 72, 160, 72, 160, 72, 160, 5]",0.02072539031026606,0.4347945719669703,0.1012755305072774,0.027214536272374745,0.023248788251157268,112,0.022970836709566435
NN6,32,8,R,D_cfg,1e-06,"[1000, 72, 144, 72, 144, 72, 144, 5]",0.020992392715675323,0.4266173244362539,0.1027398305072776,0.027508836272374743,0.02341438825115727,112,0.023086745611417166
NN6,32,8,R,C,1500000000.0,"[1000, 144, 286, 144, 286, 144, 286, 10]",0.03467835356598982,0.4978454412434475,0.10183171743864569,0.03800870223074826,0.03800870223074826,200,0.03664235089047001
NN6,32,8,R,C,6000000000.0,"[1000, 72, 144, 72, 144, 72, 144, 5]",0.01723516508054318,0.5030760293479736,0.09860752143864569,0.024400046230748255,0.019256517445563916,96,0.017725944933998393
NN6,32,8,R,C,24000000000.0,"[1000, 40, 72, 40, 72, 40, 72, 5]",0.00867897969807875,0.5511909365495722,0.0978014724386457,0.020997882230748256,0.009696942441212414,48,0.009031864995321812
NN6,32,8,R,B_lam,10000000000.0,"[1000, 40, 56, 40, 56, 40, 56, 5]",0.03909006648757267,0.4566187334753802,0.39362432874257136,0.08673418862531593,0.04302843239218128,48,0.041900904041585675
NN6,32,8,R,B_lam,40000000000.0,"[1000, 72, 160, 72, 160, 72, 160, 5]",0.020698390310266053,0.4340572901625334,0.10112910050727758,0.027185106272374745,0.02323222825115727,112,0.02294590670956644
NN6,32,8,R,ser2,2,"[1000, 168, 334, 168, 334, 168, 334, 10]",0.010029531076860915,0.3641797311878642,0.021357674624924577,0.010944447448845332,0.010944447448845332,200,0.016315892591919377
NN6,32,8,T,D_cfg,1e-09,"[1000, 1000, 1000, 1000, 1000, 1000, 1000, 10]",0.004088940375041582,0.05615160291750335,0.004088940375041582,0.008018600882663783,0.004088940375041582,1000,0.004088940375041582
NN6,32,8,T,D_cfg,1e-08,"[1000, 1000, 1000, 1000, 1000, 1000, 1000, 10]",0.004103583375041582,0.05951957934574877,0.004103583375041582,0.008021543882663783,0.004103583375041582,1000,0.004103583375041582
NN6,32,8,T,D_cfg,1e-07,"[1000, 1000, 1000, 1000, 1000, 1000, 1000, 10]",0.0042500133750415815,0.09192290042825098,0.0042500133750415815,0.008050973882663784,0.0042500133750415815,1000,0.0042500133750415815
NN6,32,8,T,C,1500000000.0,"[1000, 1000, 1000, 1000, 1000, 1000, 1000, 10]",0.005121763556292682,0.04768739392364206,0.005121763556292682,0.02318353830917963,0.005121763556292682,1000,0.005121763556292682
NN6,32,8,T,D_cfg,1e-06,"[1000, 1000, 800, 1000, 800, 1000, 800, 10]",0.005674885484872728,0.3003156385563576,0.0057143133750415815,0.008345273882663783,0.0057143133750415815,1000,0.005956371381657383
NN6,32,8,T,C,6000000000.0,"[1000, 1000, 1000, 1000, 1000, 1000, 1000, 10]",0.0014713035562926825,0.16600487047561807,0.0014713035562926825,0.005971562309179627,0.0014713035562926825,1000,0.0014713035562926825
NN6,32,8,T,C,24000000000.0,"[1000, 1000, 1000, 1000, 1000, 1000, 1000, 10]",0.0005586885562926829,0.4371730072894672,0.0005586885562926829,0.0016685683091796273,0.0005586885562926829,1000,0.0005586885562926829
NN6,32,8,T,B_lam,10000000000.0,"[1000, 1000, 1000, 1000, 1000, 1000, 1000, 10]",0.004763893963276878,0.1898770525752372,0.004763893963276878,0.008681854470899078,0.004763893963276878,1000,0.004763893963276878
NN6,32,8,T,B_lam,40000000000.0,"[1000, 1000, 1000, 1000, 1000, 1000, 1000, 10]",0.004103583375041582,0.05951957934574877,0.004103583375041582,0.008021543882663783,0.004103583375041582,1000,0.004103583375041582
NN6,32,8,T,ser2,2,"[1000, 1000, 1000, 1000, 1000, 1000, 1000, 10]",0.003923498669159229,0.016352458818108477,0.003923498669159229,0.00784145917678143,0.003923498669159229,1000,0.003923498669159229
NN6,32,64,R,D_cfg,1e-09,"[1000, 256, 445, 256, 445, 256, 445, 10]",0.009138974391233389,0.4144260024865623,0.016241468290547987,0.010647733500332388,0.009762193638352385,250,0.009289488497046732
NN6,32,64,R,D_cfg,1e-08,"[1000, 256, 445, 256, 445, 256, 445, 10]",0.00913972139123339,0.41447386212663434,0.016243349290547986,0.010648210500332387,0.009762670638352386,250,0.009290127497046732
NN6,32,64,R,D_cfg,1e-07,"[1000, 256, 445, 256, 445, 256, 445, 10]",0.009147191391233388,0.4149520286001275,0.01626215929054799,0.010652980500332388,0.009767440638352385,250,0.00929651749704673
NN6,32,64,R,D_cfg,1e-06,"[1000, 256, 445, 256, 445, 256, 445, 10]",0.009221891391233389,0.41969108717385095,0.016450259290547983,0.010700680500332387,0.009815140638352385,250,0.009461925020721396
NN6,32,64,R,C,1500000000.0,"[1000, 500, 800, 500, 800, 500, 800, 10]",0.013386671782392758,0.538224678459865,0.0169459662219161,0.0214718064587059,0.014193858624631723,500,0.014341224112003139
NN6,32,64,R,C,6000000000.0,"[1000, 256, 445, 250, 445, 250, 445, 10]",0.006501185682454854,0.5827376524068634,0.0137217702219161,0.007863150458705897,0.006997174385169965,250,0.006987074500831171
NN6,32,64,R,C,24000000000.0,"[1000, 128, 191, 128, 191, 128, 191, 10]",0.0032880407667486692,0.5849344852610059,0.0129157212219161,0.004460986458705897,0.00355529478101813,125,0.003617303884977996
NN6,32,64,R,B_lam,10000000000.0,"[1000, 128, 191, 128, 191, 128, 191, 10]",0.016078243156161843,0.4783717829414958,0.05414443164348916,0.020596351676802974,0.018054551972619355,191,0.017973661557845605
NN6,32,64,R,B_lam,40000000000.0,"[1000, 256, 445, 256, 445, 256, 445, 10]",0.00913972139123339,0.41447386212663434,0.016243349290547986,0.010648210500332387,0.009762670638352386,250,0.009290127497046732
NN6,32,64,R,ser2,2,"[1000, 500, 1000, 500, 1000, 500, 1000, 10]",0.0054233307067819096,0.2575558942190829,0.005906690467018574,0.007935081088567681,0.0057848433495639884,572,0.00682556749704673
NN6,32,64,T,D_cfg,1e-09,"[1000, 1000, 1000, 1000, 1000, 1000, 1000, 10]",0.0038887746877238213,0.007569188584733949,0.0038887746877238213,0.007832966404739074,0.0038887746877238213,1000,0.0038887746877238213
NN6,32,64,T,D_cfg,1e-08,"[1000, 1000, 1000, 1000, 1000, 1000, 1000, 10]",0.0038906556877238213,0.008048995205032503,0.0038906556877238213,0.007833443404739075,0.0038906556877238213,1000,0.0038906556877238213
NN6,32,64,T,D_cfg,1e-07,"[1000, 1000, 1000, 1000, 1000, 1000, 1000, 10]",0.0039094656877238215,0.012821667455049566,0.0039094656877238215,0.007838213404739074,0.0039094656877238215,1000,0.0039094656877238215
NN6,32,64,T,D_cfg,1e-06,"[1000, 1000, 1000, 1000, 1000, 1000, 1000, 10]",0.0040975656877238215,0.05813838926088207,0.0040975656877238215,0.007885913404739075,0.0040975656877238215,1000,0.0040975656877238215
NN6,32,64,T,C,1500000000.0,"[1000, 1000, 1000, 1000, 1000, 1000, 1000, 10]",0.00490883586897492,0.00637948992608322,0.00490883586897492,0.02299543783125492,0.00490883586897492,1000,0.00490883586897492
NN6,32,64,T,C,6000000000.0,"[1000, 1000, 1000, 1000, 1000, 1000, 1000, 10]",0.001258375868974921,0.024885942067874783,0.001258375868974921,0.0057834618312549175,0.001258375868974921,1000,0.001258375868974921
NN6,32,64,T,C,24000000000.0,"[1000, 1000, 1000, 1000, 1000, 1000, 1000, 10]",0.0003457608689749214,0.090570888104729,0.0003457608689749214,0.0014804678312549172,0.0003457608689749214,1000,0.0003457608689749214
NN6,32,64,T,B_lam,10000000000.0,"[1000, 1000, 1000, 1000, 1000, 1000, 1000, 10]",0.003975290981841469,0.029167968740455973,0.003975290981841469,0.00793919869885672,0.003975290981841469,1000,0.003975290981841469
NN6,32,64,T,B_lam,40000000000.0,"[1000, 1000, 1000, 1000, 1000, 1000, 1000, 10]",0.0038906556877238213,0.008048995205032503,0.0038906556877238213,0.007833443404739075,0.0038906556877238213,1000,0.0038906556877238213
NN6,32,64,T,ser2,2,"[1000, 1000, 1000, 1000, 1000, 1000, 1000, 10]",0.0038675733347826448,0.002128858413542588,0.0038675733347826448,0.007804601051797897,0.0038675733347826448,1000,0.0038675733347826448
